{"type": "FeatureCollection", "features": [{"type": "Feature", "properties": {"id": 1, "name": "RES in north of Portugal", "commissioningYear": "2026", "statusName": "Under Construction", "typeOfElement": 1, "pciCorridor": 2, "isCrossBorder": false, "kind": "transmission", "countries": "PT", "tsos": "", "year": 2026, "source": "sourced:ENTSO-E TYNDP 2026 project collection (tyndp2026.entsoe.eu), accessed 2026-08-21; draft/preliminary portfolio", "voltage_kv": 400.0, "technology": "AC", "route_km": 138.6, "attrs_source": "sourced:ENTSO-E TYNDP 2024 final plan detail (id match)"}, "geometry": {"type": "LineString", "coordinates": [[-8.322219, 41.596317], [-8.426932, 41.475532], [-8.459548, 41.305537]]}}, {"type": "Feature", "properties": {"id": 1, "name": "RES in north of Portugal", "commissioningYear": "2026", "statusName": "Under Construction", "typeOfElement": 1, "pciCorridor": 2, "isCrossBorder": false, "kind": "transmission", "countries": "PT", "tsos": "", "year": 2026, "source": "sourced:ENTSO-E TYNDP 2026 project collection (tyndp2026.entsoe.eu), accessed 2026-08-21; draft/preliminary portfolio", "voltage_kv": 400.0, "technology": "AC", "route_km": 138.6, "attrs_source": "sourced:ENTSO-E TYNDP 2024 final plan detail (id match)"}, "geometry": {"type": "LineString", "coordinates": [[-7.751691, 41.584377], [-7.906187, 41.476432], [-7.902753, 41.437836], [-8.070982, 41.347691], [-8.139646, 41.280645], [-8.249509, 41.019542], [-8.23921, 40.991042], [-8.249509, 40.939193], [-8.287275, 40.918442], [-8.379972, 40.954752]]}}, {"type": "Feature", "properties": {"id": 1, "name": "RES in north of Portugal", "commissioningYear": "2026", "statusName": "Under Construction", "typeOfElement": 1, "pciCorridor": 2, "isCrossBorder": false, "kind": "transmission", "countries": "PT", "tsos": "", "year": 2026, "source": "sourced:ENTSO-E TYNDP 2026 project collection (tyndp2026.entsoe.eu), accessed 2026-08-21; draft/preliminary portfolio", "voltage_kv": 400.0, "technology": "AC", "route_km": 138.6, "attrs_source": "sourced:ENTSO-E TYNDP 2024 final plan detail (id match)"}, "geometry": {"type": "Point", "coordinates": [-7.906246, 41.438287]}}, {"type": "Feature", "properties": {"id": 4, "name": "Interconnection Portugal-Spain", "commissioningYear": "2025", "statusName": "Under Construction", "typeOfElement": 1, "pciCorridor": 2, "isCrossBorder": true, "kind": "transmission", "countries": "ES;PT", "tsos": "", "year": 2025, "source": "sourced:ENTSO-E TYNDP 2026 project collection (tyndp2026.entsoe.eu), accessed 2026-08-21; draft/preliminary portfolio", "voltage_kv": 400.0, "technology": "AC", "route_km": 124.7, "attrs_source": "sourced:ENTSO-E TYNDP 2024 final plan detail (id match)"}, "geometry": {"type": "LineString", "coordinates": [[-8.396301, 42.161368], [-8.393555, 42.173582], [-8.338623, 42.311847], [-8.239746, 42.376807]]}}, {"type": "Feature", "properties": {"id": 4, "name": "Interconnection Portugal-Spain", "commissioningYear": "2025", "statusName": "Under Construction", "typeOfElement": 1, "pciCorridor": 2, "isCrossBorder": true, "kind": "transmission", "countries": "ES;PT", "tsos": "", "year": 2025, "source": "sourced:ENTSO-E TYNDP 2026 project collection (tyndp2026.entsoe.eu), accessed 2026-08-21; draft/preliminary portfolio", "voltage_kv": 400.0, "technology": "AC", "route_km": 124.7, "attrs_source": "sourced:ENTSO-E TYNDP 2024 final plan detail (id match)"}, "geometry": {"type": "LineString", "coordinates": [[-8.392332, 42.180428], [-8.591459, 41.720825], [-8.598325, 41.458914]]}}, {"type": "Feature", "properties": {"id": 4, "name": "Interconnection Portugal-Spain", "commissioningYear": "2025", "statusName": "Under Construction", "typeOfElement": 1, "pciCorridor": 2, "isCrossBorder": true, "kind": "transmission", "countries": "ES;PT", "tsos": "", "year": 2025, "source": "sourced:ENTSO-E TYNDP 2026 project collection (tyndp2026.entsoe.eu), accessed 2026-08-21; draft/preliminary portfolio", "voltage_kv": 400.0, "technology": "AC", "route_km": 124.7, "attrs_source": "sourced:ENTSO-E TYNDP 2024 final plan detail (id match)"}, "geometry": {"type": "Point", "coordinates": [-8.393466, 42.175747]}}, {"type": "Feature", "properties": {"id": 4, "name": "Interconnection Portugal-Spain", "commissioningYear": "2025", "statusName": "Under Construction", "typeOfElement": 1, "pciCorridor": 2, "isCrossBorder": true, "kind": "transmission", "countries": "ES;PT", "tsos": "", "year": 2025, "source": "sourced:ENTSO-E TYNDP 2026 project collection (tyndp2026.entsoe.eu), accessed 2026-08-21; draft/preliminary portfolio", "voltage_kv": 400.0, "technology": "AC", "route_km": 124.7, "attrs_source": "sourced:ENTSO-E TYNDP 2024 final plan detail (id match)"}, "geometry": {"type": "Point", "coordinates": [-8.241606, 42.372985]}}, {"type": "Feature", "properties": {"id": 4, "name": "Interconnection Portugal-Spain", "commissioningYear": "2025", "statusName": "Under Construction", "typeOfElement": 1, "pciCorridor": 2, "isCrossBorder": true, "kind": "transmission", "countries": "ES;PT", "tsos": "", "year": 2025, "source": "sourced:ENTSO-E TYNDP 2026 project collection (tyndp2026.entsoe.eu), accessed 2026-08-21; draft/preliminary portfolio", "voltage_kv": 400.0, "technology": "AC", "route_km": 124.7, "attrs_source": "sourced:ENTSO-E TYNDP 2024 final plan detail (id match)"}, "geometry": {"type": "Point", "coordinates": [-8.595361, 41.722096]}}, {"type": "Feature", "properties": {"id": 16, "name": "Biscay Gulf", "commissioningYear": "2028", "statusName": "Under Construction", "typeOfElement": 5, "pciCorridor": 2, "isCrossBorder": true, "kind": "transmission", "countries": "ES;FR", "tsos": "", "year": 2028, "source": "sourced:ENTSO-E TYNDP 2026 project collection (tyndp2026.entsoe.eu), accessed 2026-08-21; draft/preliminary portfolio", "voltage_kv": 400.0, "technology": "DC", "route_km": 394.0, "attrs_source": "sourced:ENTSO-E TYNDP 2024 final plan detail (id match)"}, "geometry": {"type": "LineString", "coordinates": [[-0.74707, 45.228481], [-1.290894, 44.949249], [-1.356812, 44.516093], [-1.521606, 44.012571], [-1.669922, 43.731414], [-1.851196, 43.480826], [-2.230225, 43.353144], [-2.845459, 43.397065]]}}, {"type": "Feature", "properties": {"id": 28, "name": "Italy-Montenegro", "commissioningYear": "2032", "statusName": "Under Construction", "typeOfElement": 5, "pciCorridor": 1, "isCrossBorder": true, "kind": "transmission", "countries": "IT;ME", "tsos": "", "year": 2032, "source": "sourced:ENTSO-E TYNDP 2026 project collection (tyndp2026.entsoe.eu), accessed 2026-08-21; draft/preliminary portfolio", "voltage_kv": 500.0, "technology": "DC", "route_km": 445.0, "attrs_source": "sourced:ENTSO-E TYNDP 2024 final plan detail (id match)"}, "geometry": {"type": "LineString", "coordinates": [[14.032508, 42.424633], [16.31349, 42.443931], [18.542121, 42.23897], [18.77234, 42.455523]]}}, {"type": "Feature", "properties": {"id": 29, "name": "Italy-Tunisia", "commissioningYear": "2028", "statusName": "Under Construction", "typeOfElement": 5, "pciCorridor": 1, "isCrossBorder": true, "kind": "transmission", "countries": "IT;TN", "tsos": "", "year": 2028, "source": "sourced:ENTSO-E TYNDP 2026 project collection (tyndp2026.entsoe.eu), accessed 2026-08-21; draft/preliminary portfolio", "voltage_kv": 500.0, "technology": "DC", "route_km": 220.0, "attrs_source": "sourced:ENTSO-E TYNDP 2024 final plan detail (id match)"}, "geometry": {"type": "MultiPolygon", "coordinates": [[[[10.838452, 37.072623], [10.98501, 36.913886], [12.88927, 37.712768], [12.763696, 37.886387], [10.838452, 37.072623]]]]}}, {"type": "Feature", "properties": {"id": 33, "name": "Central Northern Italy", "commissioningYear": "2026", "statusName": "Under Construction", "typeOfElement": 1, "pciCorridor": 1, "isCrossBorder": false, "kind": "transmission", "countries": "IT", "tsos": "", "year": 2026, "source": "sourced:ENTSO-E TYNDP 2026 project collection (tyndp2026.entsoe.eu), accessed 2026-08-21; draft/preliminary portfolio", "voltage_kv": 400.0, "technology": "AC", "route_km": 430.0, "attrs_source": "sourced:ENTSO-E TYNDP 2024 final plan detail (id match)"}, "geometry": {"type": "MultiPolygon", "coordinates": [[[[11.230692, 44.507182], [11.343164, 44.497857], [11.152194, 43.80153], [11.099899, 43.803413], [11.230692, 44.507182]]]]}}, {"type": "Feature", "properties": {"id": 33, "name": "Central Northern Italy", "commissioningYear": "2026", "statusName": "Under Construction", "typeOfElement": 1, "pciCorridor": 1, "isCrossBorder": false, "kind": "transmission", "countries": "IT", "tsos": "", "year": 2026, "source": "sourced:ENTSO-E TYNDP 2026 project collection (tyndp2026.entsoe.eu), accessed 2026-08-21; draft/preliminary portfolio", "voltage_kv": 400.0, "technology": "AC", "route_km": 430.0, "attrs_source": "sourced:ENTSO-E TYNDP 2024 final plan detail (id match)"}, "geometry": {"type": "LineString", "coordinates": [[12.935543, 43.520672], [13.501339, 43.588349], [14.072628, 42.366662], [13.374996, 42.256984], [12.941036, 43.516689]]}}, {"type": "Feature", "properties": {"id": 35, "name": "CZ Southwest-east corridor", "commissioningYear": "2029", "statusName": "In Permitting", "typeOfElement": 1, "pciCorridor": 1, "isCrossBorder": false, "kind": "transmission", "countries": "CZ", "tsos": "", "year": 2029, "source": "sourced:ENTSO-E TYNDP 2026 project collection (tyndp2026.entsoe.eu), accessed 2026-08-21; draft/preliminary portfolio", "voltage_kv": 400.0, "technology": "AC", "route_km": 237.5, "attrs_source": "sourced:ENTSO-E TYNDP 2024 final plan detail (id match)"}, "geometry": {"type": "LineString", "coordinates": [[14.359268, 49.156158], [14.359268, 49.151488], [14.363113, 49.149152], [14.387009, 49.158314], [14.393326, 49.168371], [14.428757, 49.171244], [14.460617, 49.166216], [14.47023, 49.16873], [14.501541, 49.165498], [14.508408, 49.167653], [14.516647, 49.178247], [14.518021, 49.191352], [14.520493, 49.194942], [14.541367, 49.199609], [14.568832, 49.225266], [14.576797, 49.225984], [14.581741, 49.228495], [14.584763, 49.235848], [14.605087, 49.247145], [14.616898, 49.251627], [14.624863, 49.27009], [14.641891, 49.273136], [14.651505, 49.272822], [14.653702, 49.27999], [14.679314, 49.28335], [14.706779, 49.28102], [14.739258, 49.289306], [14.739258, 49.305785], [14.754089, 49.315096], [14.774963, 49.319751], [14.782928, 49.315812], [14.805588, 49.327002], [14.81369, 49.328165], [14.832779, 49.340604], [14.849945, 49.343109], [14.858871, 49.36118], [14.872707, 49.367776], [14.881771, 49.381725], [14.899487, 49.385658], [14.931072, 49.402998], [14.932892, 49.415619], [14.929596, 49.426696], [14.946075, 49.434913], [14.981232, 49.43277], [14.983566, 49.427701], [14.992905, 49.430649], [15.000595, 49.429845], [15.005264, 49.431542], [15.019684, 49.430113], [15.035065, 49.421984], [15.068504, 49.417763], [15.08773, 49.419907], [15.090752, 49.422945], [15.112175, 49.423659], [15.162712, 49.429019], [15.179466, 49.447236], [15.192719, 49.449736], [15.214966, 49.448486], [15.21936, 49.451343], [15.287476, 49.448843], [15.303131, 49.442593], [15.328674, 49.439557], [15.346252, 49.443307], [15.359985, 49.438128], [15.378387, 49.440093], [15.389648, 49.444915], [15.386627, 49.464197], [15.394867, 49.46973], [15.409149, 49.487576], [15.409149, 49.495069], [15.418488, 49.506128], [15.429749, 49.508268], [15.431671, 49.512549], [15.44046, 49.512727], [15.447052, 49.522356], [15.46312, 49.521821], [15.485641, 49.518076], [15.50679, 49.522534], [15.542496, 49.547845], [15.563644, 49.548023], [15.56694, 49.552122], [15.581497, 49.551053], [15.583694, 49.554795], [15.578751, 49.573321], [15.579849, 49.576349], [15.596749, 49.577089], [15.598809, 49.579449], [15.595101, 49.580095]]}}, {"type": "Feature", "properties": {"id": 47, "name": "Westtirol (AT) - V\u00f6hringen (DE)", "commissioningYear": "2030", "statusName": "Planned But Not Yet Permitting", "typeOfElement": 1, "pciCorridor": 2, "isCrossBorder": true, "kind": "transmission", "countries": "AT;DE", "tsos": "", "year": 2030, "source": "sourced:ENTSO-E TYNDP 2026 project collection (tyndp2026.entsoe.eu), accessed 2026-08-21; draft/preliminary portfolio", "voltage_kv": 380.0, "technology": "AC", "route_km": 157.0, "attrs_source": "sourced:ENTSO-E TYNDP 2024 final plan detail (id match)"}, "geometry": {"type": "LineString", "coordinates": [[10.872195, 47.245233], [10.870322, 47.253114], [10.87177, 47.259104], [10.877701, 47.2619], [10.887847, 47.263081], [10.884248, 47.280436], [10.907969, 47.293308], [10.875253, 47.311457], [10.884092, 47.327294], [10.88609, 47.36536], [10.863118, 47.390722], [10.857625, 47.408806], [10.814179, 47.414213], [10.7575, 47.452385], [10.740864, 47.469878], [10.756345, 47.499913], [10.718891, 47.522175], [10.704323, 47.529104], [10.689841, 47.541073], [10.684784, 47.543938], [10.674173, 47.545708], [10.658567, 47.558599], [10.652887, 47.569024], [10.651888, 47.57172], [10.650952, 47.575341], [10.635221, 47.575678], [10.482311, 47.616705], [10.348727, 47.661793], [10.34854, 47.742136], [10.071114, 47.92817], [10.203876, 48.108244], [10.063301, 48.199319]]}}, {"type": "Feature", "properties": {"id": 81, "name": "North South Interconnector", "commissioningYear": "2031", "statusName": "Under Construction", "typeOfElement": 1, "pciCorridor": 2, "isCrossBorder": true, "kind": "transmission", "countries": "GB;IE", "tsos": "", "year": 2031, "source": "sourced:ENTSO-E TYNDP 2026 project collection (tyndp2026.entsoe.eu), accessed 2026-08-21; draft/preliminary portfolio", "voltage_kv": 400.0, "technology": "AC", "route_km": 138.0, "attrs_source": "sourced:ENTSO-E TYNDP 2024 final plan detail (id match)"}, "geometry": {"type": "LineString", "coordinates": [[-6.612499, 53.440783], [-6.751202, 53.456322], [-6.771552, 53.717091], [-6.778976, 53.874651], [-6.725212, 54.374078], [-6.612499, 54.470947]]}}, {"type": "Feature", "properties": {"id": 85, "name": "Integration of RES in Alentejo", "commissioningYear": "2026", "statusName": "In Permitting", "typeOfElement": 1, "pciCorridor": 2, "isCrossBorder": false, "kind": "transmission", "countries": "PT", "tsos": "", "year": 2026, "source": "sourced:ENTSO-E TYNDP 2026 project collection (tyndp2026.entsoe.eu), accessed 2026-08-21; draft/preliminary portfolio", "voltage_kv": 400.0, "technology": "AC", "route_km": 201.4, "attrs_source": "sourced:ENTSO-E TYNDP 2024 final plan detail (id match)"}, "geometry": {"type": "Point", "coordinates": [-8.201981, 37.671321]}}, {"type": "Feature", "properties": {"id": 107, "name": "Celtic Interconnector", "commissioningYear": "2027", "statusName": "Under Construction", "typeOfElement": 5, "pciCorridor": 3, "isCrossBorder": true, "kind": "transmission", "countries": "FR;IE", "tsos": "", "year": 2027, "source": "sourced:ENTSO-E TYNDP 2026 project collection (tyndp2026.entsoe.eu), accessed 2026-08-21; draft/preliminary portfolio", "voltage_kv": 320.0, "technology": "DC", "route_km": 575.0, "attrs_source": "sourced:ENTSO-E TYNDP 2024 final plan detail (id match)"}, "geometry": {"type": "MultiPolygon", "coordinates": [[[[-4.252138, 48.710391], [-4.170942, 48.731964], [-3.953705, 48.49363], [-4.150772, 48.427606], [-4.357796, 48.685238], [-4.26012, 48.708578], [-6.729126, 49.79279], [-8.011436, 51.811374], [-8.199234, 51.768902], [-8.413811, 52.049112], [-8.083878, 52.103342], [-7.818146, 51.862924], [-8.005257, 51.813072], [-6.71196, 49.797223], [-4.393433, 48.77632], [-4.252138, 48.710391]]]]}}, {"type": "Feature", "properties": {"id": 120, "name": "Princess Elisabeth Island (MOG 2)", "commissioningYear": "2032", "statusName": "In Permitting", "typeOfElement": 7, "pciCorridor": 3, "isCrossBorder": false, "kind": "transmission", "countries": "BE", "tsos": "", "year": 2032, "source": "sourced:ENTSO-E TYNDP 2026 project collection (tyndp2026.entsoe.eu), accessed 2026-08-21; draft/preliminary portfolio", "voltage_kv": 1050.0, "technology": "AC;DC", "route_km": 420.0, "attrs_source": "sourced:ENTSO-E TYNDP 2024 final plan detail (id match)"}, "geometry": {"type": "MultiPolygon", "coordinates": [[[[3.288116, 51.273085], [2.920074, 51.202008], [2.572174, 51.418336], [2.881622, 51.520992], [3.288116, 51.273085]]]]}}, {"type": "Feature", "properties": {"id": 121, "name": "Nautilus: multi-purpose interconnector Belgium - UK", "commissioningYear": "2032", "statusName": "Planned But Not Yet Permitting", "typeOfElement": 5, "pciCorridor": 3, "isCrossBorder": true, "kind": "transmission", "countries": "BE;GB", "tsos": "", "year": 2032, "source": "sourced:ENTSO-E TYNDP 2026 project collection (tyndp2026.entsoe.eu), accessed 2026-08-21; draft/preliminary portfolio", "voltage_kv": 1050.0, "technology": "DC", "route_km": 140.0, "attrs_source": "sourced:ENTSO-E TYNDP 2024 final plan detail (id match)"}, "geometry": {"type": "MultiPolygon", "coordinates": [[[[0.63446, 51.493355], [0.895386, 51.520707], [1.024475, 51.537794], [1.156311, 51.549751], [1.562805, 51.597548], [1.71936, 51.618017], [1.900635, 51.636772], [2.04895, 51.650407], [2.147827, 51.64359], [2.296143, 51.614606], [2.633972, 51.55829], [2.8125, 51.503614], [3.026733, 51.443737], [3.056946, 51.392351], [3.062439, 51.34777], [2.993774, 51.304862], [2.872925, 51.287688], [2.683411, 51.275662], [2.477417, 51.306579], [2.271423, 51.342623], [2.106628, 51.364921], [1.974792, 51.387209], [1.472168, 51.406059], [1.027222, 51.394065], [0.818481, 51.407773], [0.705872, 51.373495], [0.620728, 51.423189], [0.63446, 51.493355]]]]}}, {"type": "Feature", "properties": {"id": 127, "name": "Central Southern Italy", "commissioningYear": "2029", "statusName": "In Permitting", "typeOfElement": 1, "pciCorridor": 2, "isCrossBorder": false, "kind": "transmission", "countries": "IT", "tsos": "", "year": 2029, "source": "sourced:ENTSO-E TYNDP 2026 project collection (tyndp2026.entsoe.eu), accessed 2026-08-21; draft/preliminary portfolio", "voltage_kv": 400.0, "technology": "AC", "route_km": 178.0, "attrs_source": "sourced:ENTSO-E TYNDP 2024 final plan detail (id match)"}, "geometry": {"type": "MultiPolygon", "coordinates": [[[[14.055304, 42.443728], [13.955878, 42.370314], [15.609046, 41.329884], [15.682324, 41.384846], [14.055304, 42.443728]]]]}}, {"type": "Feature", "properties": {"id": 127, "name": "Central Southern Italy", "commissioningYear": "2029", "statusName": "In Permitting", "typeOfElement": 1, "pciCorridor": 2, "isCrossBorder": false, "kind": "transmission", "countries": "IT", "tsos": "", "year": 2029, "source": "sourced:ENTSO-E TYNDP 2026 project collection (tyndp2026.entsoe.eu), accessed 2026-08-21; draft/preliminary portfolio", "voltage_kv": 400.0, "technology": "AC", "route_km": 178.0, "attrs_source": "sourced:ENTSO-E TYNDP 2024 final plan detail (id match)"}, "geometry": {"type": "MultiPolygon", "coordinates": [[[[15.521127, 41.172886], [15.594351, 41.159095], [15.416482, 40.878862], [15.391681, 40.891394], [15.521127, 41.172886]]]]}}, {"type": "Feature", "properties": {"id": 130, "name": "HVDC SuedOstLink Wolmirstedt to area Isar", "commissioningYear": "2027", "statusName": "In Permitting", "typeOfElement": 2, "pciCorridor": 1, "isCrossBorder": false, "kind": "transmission", "countries": "DE", "tsos": "", "year": 2027, "source": "sourced:ENTSO-E TYNDP 2026 project collection (tyndp2026.entsoe.eu), accessed 2026-08-21; draft/preliminary portfolio", "voltage_kv": 525.0, "technology": "DC", "route_km": 539.0, "attrs_source": "sourced:ENTSO-E TYNDP 2024 final plan detail (id match)"}, "geometry": {"type": "LineString", "coordinates": [[11.638126, 52.273252], [12.291967, 48.659058]]}}, {"type": "Feature", "properties": {"id": 132, "name": "HVDC Line A-North", "commissioningYear": "2027", "statusName": "Under Construction", "typeOfElement": 2, "pciCorridor": 2, "isCrossBorder": false, "kind": "transmission", "countries": "DE", "tsos": "", "year": 2027, "source": "sourced:ENTSO-E TYNDP 2026 project collection (tyndp2026.entsoe.eu), accessed 2026-08-21; draft/preliminary portfolio", "voltage_kv": 400.0, "technology": "DC", "route_km": 300.0, "attrs_source": "sourced:ENTSO-E TYNDP 2024 final plan detail (id match)"}, "geometry": {"type": "LineString", "coordinates": [[6.67631, 50.993637], [6.566446, 51.303764], [6.743189, 51.693314], [7.227961, 52.305154], [7.419013, 53.092474], [7.29289, 53.380642]]}}, {"type": "Feature", "properties": {"id": 138, "name": "Black Sea Corridor", "commissioningYear": "2026", "statusName": "Under Construction", "typeOfElement": 1, "pciCorridor": 1, "isCrossBorder": false, "kind": "transmission", "countries": "BG;RO", "tsos": "", "year": 2026, "source": "sourced:ENTSO-E TYNDP 2026 project collection (tyndp2026.entsoe.eu), accessed 2026-08-21; draft/preliminary portfolio", "voltage_kv": 400.0, "technology": "AC", "route_km": 385.0, "attrs_source": "sourced:ENTSO-E TYNDP 2024 final plan detail (id match)"}, "geometry": {"type": "MultiPolygon", "coordinates": [[[[26.773682, 45.113057], [26.773682, 45.128561], [26.795654, 45.128561], [26.795654, 45.113057], [26.773682, 45.113057]]]]}}, {"type": "Feature", "properties": {"id": 144, "name": "Mid Continental East corridor", "commissioningYear": "2029", "statusName": "Under Construction", "typeOfElement": 1, "pciCorridor": 1, "isCrossBorder": true, "kind": "transmission", "countries": "RO;RS", "tsos": "", "year": 2029, "source": "sourced:ENTSO-E TYNDP 2026 project collection (tyndp2026.entsoe.eu), accessed 2026-08-21; draft/preliminary portfolio", "voltage_kv": 400.0, "technology": "AC", "route_km": 522.0, "attrs_source": "sourced:ENTSO-E TYNDP 2024 final plan detail (id match)"}, "geometry": {"type": "MultiPolygon", "coordinates": [[[[21.014099, 45.920587], [21.390381, 46.166517], [21.340942, 45.756026], [21.052551, 45.9053], [21.041565, 45.916766], [21.014099, 45.920587]]]]}}, {"type": "Feature", "properties": {"id": 150, "name": "Italy-Slovenia", "commissioningYear": "2042", "statusName": "Under Consideration", "typeOfElement": 2, "pciCorridor": 1, "isCrossBorder": true, "kind": "transmission", "countries": "IT;SI", "tsos": "", "year": 2042, "source": "sourced:ENTSO-E TYNDP 2026 project collection (tyndp2026.entsoe.eu), accessed 2026-08-21; draft/preliminary portfolio", "voltage_kv": 500.0, "technology": "DC", "route_km": 100.0, "attrs_source": "sourced:ENTSO-E TYNDP 2024 final plan detail (id match)"}, "geometry": {"type": "MultiPolygon", "coordinates": [[[[12.483133, 45.691466], [12.514526, 45.603681], [13.807617, 45.493256], [13.806519, 45.555603], [12.483133, 45.691466]]]]}}, {"type": "Feature", "properties": {"id": 153, "name": "France-Alderney-Britain", "commissioningYear": "2033", "statusName": "In Permitting", "typeOfElement": 5, "pciCorridor": 3, "isCrossBorder": true, "kind": "transmission", "countries": "FR;GB", "tsos": "", "year": 2033, "source": "sourced:ENTSO-E TYNDP 2026 project collection (tyndp2026.entsoe.eu), accessed 2026-08-21; draft/preliminary portfolio", "voltage_kv": 320.0, "technology": "DC", "route_km": 220.0, "attrs_source": "sourced:ENTSO-E TYNDP 2024 final plan detail (id match)"}, "geometry": {"type": "LineString", "coordinates": [[-3.357353, 50.738954], [-1.955566, 49.50158], [-1.471481, 49.458975]]}}, {"type": "Feature", "properties": {"id": 170, "name": "Baltic States Synchronization with Continental Europe", "commissioningYear": "2030", "statusName": "In Permitting", "typeOfElement": 3, "pciCorridor": 0, "isCrossBorder": true, "kind": "transmission", "countries": "EE;LT;LV;PL", "tsos": "", "year": 2030, "source": "sourced:ENTSO-E TYNDP 2026 project collection (tyndp2026.entsoe.eu), accessed 2026-08-21; draft/preliminary portfolio"}, "geometry": {"type": "MultiPolygon", "coordinates": [[[[26.411133, 57.598335], [25.751953, 58.077876], [25.158691, 58.112714], [24.521484, 58.031372], [23.554688, 58.35563], [23.422852, 59.25465], [25.97168, 59.64554], [27.949219, 59.411548], [27.70752, 59.074448], [27.46582, 58.904646], [27.224121, 58.881942], [27.531738, 57.984808], [27.290039, 57.68066], [26.411133, 57.598335]]]]}}, {"type": "Feature", "properties": {"id": 174, "name": "Greenconnector", "commissioningYear": "2033", "statusName": "In Permitting", "typeOfElement": 2, "pciCorridor": 2, "isCrossBorder": true, "kind": "transmission", "countries": "CH;IT", "tsos": "", "year": 2033, "source": "sourced:ENTSO-E TYNDP 2026 project collection (tyndp2026.entsoe.eu), accessed 2026-08-21; draft/preliminary portfolio", "voltage_kv": 400.0, "technology": "DC", "route_km": 165.0, "attrs_source": "sourced:ENTSO-E TYNDP 2024 final plan detail (id match)"}, "geometry": {"type": "LineString", "coordinates": [[9.341307, 45.754057], [9.369993, 45.779177], [9.404783, 45.805988], [9.412718, 45.817475], [9.393797, 45.845118], [9.357176, 45.882945], [9.322996, 45.89484], [9.27844, 45.967432], [9.267073, 46.006925], [9.289045, 46.07683], [9.312849, 46.139457], [9.369612, 46.149606], [9.404402, 46.146646], [9.407821, 46.164218], [9.428267, 46.1676], [9.445663, 46.186829], [9.45848, 46.207531], [9.443526, 46.221679], [9.399276, 46.261359], [9.372768, 46.342082], [9.34103, 46.457412], [9.315395, 46.536403], [9.309416, 46.587286], [9.304533, 46.643465], [9.302092, 46.684933], [9.254379, 46.824496]]}}, {"type": "Feature", "properties": {"id": 176, "name": "Interconnector DE \u2013 SWE I [HPB I]", "commissioningYear": "2037", "statusName": "Under Consideration", "typeOfElement": 5, "pciCorridor": 3, "isCrossBorder": true, "kind": "transmission", "countries": "DE;SE", "tsos": "", "year": 2037, "source": "sourced:ENTSO-E TYNDP 2026 project collection (tyndp2026.entsoe.eu), accessed 2026-08-21; draft/preliminary portfolio", "voltage_kv": 300.0, "technology": "DC", "route_km": 300.0, "attrs_source": "sourced:ENTSO-E TYNDP 2024 final plan detail (id match)"}, "geometry": {"type": "LineString", "coordinates": [[13.611511, 55.852377], [13.721374, 55.130408], [12.488571, 54.553398], [12.310043, 54.334591], [12.211029, 53.762611]]}}, {"type": "Feature", "properties": {"id": 187, "name": "St. Peter (AT) - Pleinting (DE)", "commissioningYear": "2030", "statusName": "In Permitting", "typeOfElement": 1, "pciCorridor": 2, "isCrossBorder": true, "kind": "transmission", "countries": "AT;DE", "tsos": "", "year": 2030, "source": "sourced:ENTSO-E TYNDP 2026 project collection (tyndp2026.entsoe.eu), accessed 2026-08-21; draft/preliminary portfolio", "voltage_kv": 380.0, "technology": "AC", "route_km": 60.0, "attrs_source": "sourced:ENTSO-E TYNDP 2024 final plan detail (id match)"}, "geometry": {"type": "LineString", "coordinates": [[13.025391, 48.673189], [13.115479, 48.514785], [13.01001, 48.395291], [13.071533, 48.274054], [13.0979, 48.240407], [12.792481, 48.389455], [12.629883, 48.197951]]}}, {"type": "Feature", "properties": {"id": 210, "name": "W\u00fcrmlach (AT) - Somplago (IT) interconnection", "commissioningYear": "2029", "statusName": "In Permitting", "typeOfElement": 1, "pciCorridor": 1, "isCrossBorder": true, "kind": "transmission", "countries": "AT;IT", "tsos": "", "year": 2029, "source": "sourced:ENTSO-E TYNDP 2026 project collection (tyndp2026.entsoe.eu), accessed 2026-08-21; draft/preliminary portfolio", "voltage_kv": 220.0, "technology": "AC", "route_km": 51.0, "attrs_source": "sourced:ENTSO-E TYNDP 2024 final plan detail (id match)"}, "geometry": {"type": "LineString", "coordinates": [[13.066649, 46.342188], [13.043861, 46.375951], [13.040943, 46.381399], [13.03133, 46.38957], [13.019464, 46.393832], [13.007598, 46.398094], [13.008156, 46.405078], [13.018799, 46.416559], [13.04193, 46.43691], [13.03781, 46.464349], [13.006225, 46.495556], [13.012276, 46.562991], [13.012962, 46.579159], [12.984467, 46.585884], [12.940178, 46.594024], [12.954769, 46.620086], [12.967472, 46.646961], [12.997341, 46.676179], [13.008499, 46.701496], [13.012104, 46.711972], [13.030472, 46.709618], [13.057594, 46.707853], [13.099608, 46.711619], [13.103728, 46.725742]]}}, {"type": "Feature", "properties": {"id": 219, "name": "Great Sea Interconnector", "commissioningYear": "2029", "statusName": "Under Construction", "typeOfElement": 5, "pciCorridor": 1, "isCrossBorder": true, "kind": "transmission", "countries": "CY;GR;IL", "tsos": "", "year": 2029, "source": "sourced:ENTSO-E TYNDP 2026 project collection (tyndp2026.entsoe.eu), accessed 2026-08-21; draft/preliminary portfolio", "voltage_kv": 500.0, "technology": "DC", "route_km": 1246.0, "attrs_source": "sourced:ENTSO-E TYNDP 2024 final plan detail (id match)"}, "geometry": {"type": "LineString", "coordinates": [[24.887645, 35.417655], [33.43623, 34.771449]]}}, {"type": "Feature", "properties": {"id": 225, "name": "2nd interconnector Belgium - Germany", "commissioningYear": "2038", "statusName": "Under Consideration", "typeOfElement": 2, "pciCorridor": 2, "isCrossBorder": true, "kind": "transmission", "countries": "BE;DE", "tsos": "", "year": 2038, "source": "sourced:ENTSO-E TYNDP 2026 project collection (tyndp2026.entsoe.eu), accessed 2026-08-21; draft/preliminary portfolio", "voltage_kv": 525.0, "technology": "DC", "route_km": 110.0, "attrs_source": "sourced:ENTSO-E TYNDP 2024 final plan detail (id match)"}, "geometry": {"type": "MultiPolygon", "coordinates": [[[[6.058136, 50.85444], [6.420685, 50.885639], [6.937042, 50.823219], [7.057892, 50.698128], [6.711823, 50.369922], [6.382233, 50.34539], [5.409943, 50.366419], [5.107819, 50.460931], [5.448395, 50.837097], [5.690094, 50.736386], [6.008698, 50.760715], [6.058136, 50.85444]]]]}}, {"type": "Feature", "properties": {"id": 227, "name": "Transbalkan Corridor", "commissioningYear": "2028", "statusName": "In Permitting", "typeOfElement": 1, "pciCorridor": 1, "isCrossBorder": true, "kind": "transmission", "countries": "BA;ME;RS", "tsos": "", "year": 2028, "source": "sourced:ENTSO-E TYNDP 2026 project collection (tyndp2026.entsoe.eu), accessed 2026-08-21; draft/preliminary portfolio", "voltage_kv": 400.0, "technology": "AC", "route_km": 494.6, "attrs_source": "sourced:ENTSO-E TYNDP 2024 final plan detail (id match)"}, "geometry": {"type": "LineString", "coordinates": [[19.388123, 43.720497], [19.469147, 43.746297], [19.507599, 43.767127], [19.551544, 43.724467], [19.555664, 43.621165], [19.513092, 43.428988], [19.400482, 43.402054], [19.313965, 43.309191]]}}, {"type": "Feature", "properties": {"id": 228, "name": "Muhlbach - Eichstetten", "commissioningYear": "12-2030", "statusName": "In Permitting", "typeOfElement": 1, "pciCorridor": 2, "isCrossBorder": true, "kind": "transmission", "countries": "DE;FR", "tsos": "", "year": null, "source": "sourced:ENTSO-E TYNDP 2026 project collection (tyndp2026.entsoe.eu), accessed 2026-08-21; draft/preliminary portfolio", "voltage_kv": 400.0, "technology": "AC", "route_km": 32.0, "attrs_source": "sourced:ENTSO-E TYNDP 2024 final plan detail (id match)"}, "geometry": {"type": "LineString", "coordinates": [[7.392666, 47.896448], [7.511971, 47.980399], [7.528278, 48.002227], [7.706806, 48.100911]]}}, {"type": "Feature", "properties": {"id": 231, "name": "Beznau - Tiengen", "commissioningYear": "2035", "statusName": "Planned But Not Yet Permitting", "typeOfElement": 1, "pciCorridor": 2, "isCrossBorder": true, "kind": "transmission", "countries": "CH;DE", "tsos": "", "year": 2035, "source": "sourced:ENTSO-E TYNDP 2026 project collection (tyndp2026.entsoe.eu), accessed 2026-08-21; draft/preliminary portfolio", "voltage_kv": 380.0, "technology": "AC", "route_km": 11.0, "attrs_source": "sourced:ENTSO-E TYNDP 2024 final plan detail (id match)"}, "geometry": {"type": "LineString", "coordinates": [[8.205414, 47.650125], [8.269958, 47.47916]]}}, {"type": "Feature", "properties": {"id": 235, "name": "HVDC SuedLink Brunsb\u00fcttel/Wilster to Gro\u00dfgartach/Bergrheinfeld West", "commissioningYear": "2028", "statusName": "In Permitting", "typeOfElement": 2, "pciCorridor": 2, "isCrossBorder": false, "kind": "transmission", "countries": "DE", "tsos": "", "year": 2028, "source": "sourced:ENTSO-E TYNDP 2026 project collection (tyndp2026.entsoe.eu), accessed 2026-08-21; draft/preliminary portfolio", "voltage_kv": 525.0, "technology": "DC", "route_km": 1250.0, "attrs_source": "sourced:ENTSO-E TYNDP 2024 final plan detail (id match)"}, "geometry": {"type": "LineString", "coordinates": [[9.062952, 49.155389], [9.137166, 49.968735], [10.082416, 49.949867], [9.13717, 49.968857], [9.334328, 53.893473]]}}, {"type": "Feature", "properties": {"id": 239, "name": "Fenno-Skan 3", "commissioningYear": "2038", "statusName": "Under Consideration", "typeOfElement": 5, "pciCorridor": 0, "isCrossBorder": true, "kind": "transmission", "countries": "FI;SE", "tsos": "", "year": 2038, "source": "sourced:ENTSO-E TYNDP 2026 project collection (tyndp2026.entsoe.eu), accessed 2026-08-21; draft/preliminary portfolio", "voltage_kv": 500.0, "technology": "DC", "route_km": 250.0, "attrs_source": "sourced:ENTSO-E TYNDP 2024 final plan detail (id match)"}, "geometry": {"type": "LineString", "coordinates": [[17.866015, 60.470973], [21.022089, 60.823464], [21.581392, 61.191371]]}}, {"type": "Feature", "properties": {"id": 243, "name": "New 400 kV interconnection line between Serbia and Croatia", "commissioningYear": "2038", "statusName": "Under Consideration", "typeOfElement": 1, "pciCorridor": 1, "isCrossBorder": true, "kind": "transmission", "countries": "HR;RS", "tsos": "", "year": 2038, "source": "sourced:ENTSO-E TYNDP 2026 project collection (tyndp2026.entsoe.eu), accessed 2026-08-21; draft/preliminary portfolio", "voltage_kv": 400.0, "technology": "AC", "route_km": 70.0, "attrs_source": "sourced:ENTSO-E TYNDP 2024 final plan detail (id match)"}, "geometry": {"type": "LineString", "coordinates": [[18.662819, 45.453763], [18.724617, 45.432566], [19.074806, 45.52693], [19.173683, 45.753525]]}}, {"type": "Feature", "properties": {"id": 244, "name": "Vigy - Uchtelfangen area", "commissioningYear": "12-2029", "statusName": "In Permitting", "typeOfElement": 1, "pciCorridor": 2, "isCrossBorder": true, "kind": "transmission", "countries": "DE;FR", "tsos": "", "year": null, "source": "sourced:ENTSO-E TYNDP 2026 project collection (tyndp2026.entsoe.eu), accessed 2026-08-21; draft/preliminary portfolio", "voltage_kv": 400.0, "technology": "AC", "route_km": 65.0, "attrs_source": "sourced:ENTSO-E TYNDP 2024 final plan detail (id match)"}, "geometry": {"type": "LineString", "coordinates": [[6.251509, 49.185105], [6.574631, 49.245253], [6.943002, 49.388488]]}}, {"type": "Feature", "properties": {"id": 244, "name": "Vigy - Uchtelfangen area", "commissioningYear": "12-2029", "statusName": "In Permitting", "typeOfElement": 1, "pciCorridor": 2, "isCrossBorder": true, "kind": "transmission", "countries": "DE;FR", "tsos": "", "year": null, "source": "sourced:ENTSO-E TYNDP 2026 project collection (tyndp2026.entsoe.eu), accessed 2026-08-21; draft/preliminary portfolio", "voltage_kv": 400.0, "technology": "AC", "route_km": 65.0, "attrs_source": "sourced:ENTSO-E TYNDP 2024 final plan detail (id match)"}, "geometry": {"type": "Point", "coordinates": [6.698407, 49.293049]}}, {"type": "Feature", "properties": {"id": 247, "name": "AQUIND Interconnector", "commissioningYear": "2030", "statusName": "In Permitting", "typeOfElement": 5, "pciCorridor": 2, "isCrossBorder": true, "kind": "transmission", "countries": "FR;GB", "tsos": "", "year": 2030, "source": "sourced:ENTSO-E TYNDP 2026 project collection (tyndp2026.entsoe.eu), accessed 2026-08-21; draft/preliminary portfolio", "voltage_kv": 320.0, "technology": "DC", "route_km": 240.0, "attrs_source": "sourced:ENTSO-E TYNDP 2024 final plan detail (id match)"}, "geometry": {"type": "LineString", "coordinates": [[-1.052891, 50.899893], [-1.044523, 50.785319], [1.059916, 49.924068], [1.114934, 49.712215]]}}, {"type": "Feature", "properties": {"id": 250, "name": "Merchant line Castasegna (CH) - Mese (IT)", "commissioningYear": "2030", "statusName": "In Permitting", "typeOfElement": 1, "pciCorridor": 2, "isCrossBorder": true, "kind": "transmission", "countries": "CH;IT", "tsos": "", "year": 2030, "source": "sourced:ENTSO-E TYNDP 2026 project collection (tyndp2026.entsoe.eu), accessed 2026-08-21; draft/preliminary portfolio", "voltage_kv": 220.0, "technology": "AC", "route_km": 14.0, "attrs_source": "sourced:ENTSO-E TYNDP 2024 final plan detail (id match)"}, "geometry": {"type": "MultiPolygon", "coordinates": [[[[9.493137, 46.369643], [9.427952, 46.340829], [9.394993, 46.304916], [9.368626, 46.253283], [9.37888, 46.214779], [9.440403, 46.233528], [9.503391, 46.276068], [9.521702, 46.330209], [9.51804, 46.355996], [9.493137, 46.369643]]]]}}, {"type": "Feature", "properties": {"id": 254, "name": "HVDC Ultranet Osterath to Philippsburg", "commissioningYear": "2026", "statusName": "In Permitting", "typeOfElement": 2, "pciCorridor": 2, "isCrossBorder": false, "kind": "transmission", "countries": "DE", "tsos": "", "year": 2026, "source": "sourced:ENTSO-E TYNDP 2026 project collection (tyndp2026.entsoe.eu), accessed 2026-08-21; draft/preliminary portfolio", "voltage_kv": 400.0, "technology": "DC", "route_km": 342.0, "attrs_source": "sourced:ENTSO-E TYNDP 2024 final plan detail (id match)"}, "geometry": {"type": "LineString", "coordinates": [[8.41228, 49.203626], [8.606095, 49.301144], [8.673682, 49.307247], [8.602892, 49.346878], [8.588662, 49.649252], [8.536864, 49.692968], [8.482455, 49.832311], [8.393191, 49.902111], [8.352988, 50.039579], [8.199313, 50.279884], [7.9781, 50.358906], [7.732833, 50.409498], [7.584875, 50.322231], [7.48298, 50.369064], [7.381178, 50.376492], [7.097268, 50.633658], [6.920436, 50.773826], [6.698869, 50.915652], [6.681305, 50.994449]]}}, {"type": "Feature", "properties": {"id": 259, "name": "HU-RO", "commissioningYear": "2030", "statusName": "Planned But Not Yet Permitting", "typeOfElement": 1, "pciCorridor": 1, "isCrossBorder": true, "kind": "transmission", "countries": "HU;RO", "tsos": "", "year": 2030, "source": "sourced:ENTSO-E TYNDP 2026 project collection (tyndp2026.entsoe.eu), accessed 2026-08-21; draft/preliminary portfolio", "voltage_kv": 400.0, "technology": "AC", "route_km": 273.7, "attrs_source": "sourced:ENTSO-E TYNDP 2024 final plan detail (id match)"}, "geometry": {"type": "MultiPolygon", "coordinates": [[[[23.26355, 47.737072], [23.26355, 47.770311], [23.307495, 47.770311], [23.307495, 47.737072], [23.26355, 47.737072]]]]}}, {"type": "Feature", "properties": {"id": 260, "name": "Project 260 \u2013 Multi-purpose HVDC interconnection between Great Britain and The Netherlands", "commissioningYear": "2032", "statusName": "Planned But Not Yet Permitting", "typeOfElement": 5, "pciCorridor": 3, "isCrossBorder": true, "kind": "transmission", "countries": "GB;NL", "tsos": "", "year": 2032, "source": "sourced:ENTSO-E TYNDP 2026 project collection (tyndp2026.entsoe.eu), accessed 2026-08-21; draft/preliminary portfolio", "voltage_kv": 525.0, "technology": "DC", "attrs_source": "sourced:ENTSO-E TYNDP 2024 final plan detail (id match)"}, "geometry": {"type": "MultiPolygon", "coordinates": [[[[3.80127, 52.99495], [4.515381, 52.822683], [5.08667, 52.609719], [4.855408, 51.620813], [3.789734, 51.34029], [3.229431, 51.429423], [0.823425, 50.864287], [0.065369, 51.518383], [0.361999, 53.004273], [1.460632, 53.010884], [3.80127, 52.99495]]]]}}, {"type": "Feature", "properties": {"id": 270, "name": "FR-ES project -Arag\u00f3n-Atlantic Pyrenees", "commissioningYear": "2041", "statusName": "Under Consideration", "typeOfElement": 2, "pciCorridor": 2, "isCrossBorder": true, "kind": "transmission", "countries": "ES;FR", "tsos": "", "year": 2041, "source": "sourced:ENTSO-E TYNDP 2026 project collection (tyndp2026.entsoe.eu), accessed 2026-08-21; draft/preliminary portfolio", "voltage_kv": 400.0, "technology": "AC;DC", "route_km": 310.0, "attrs_source": "sourced:ENTSO-E TYNDP 2024 final plan detail (id match)"}, "geometry": {"type": "MultiPolygon", "coordinates": [[[[-1.159058, 42.502035], [-1.159058, 42.64766], [-0.928345, 42.64766], [-0.928345, 42.502035], [-1.159058, 42.502035]]]]}}, {"type": "Feature", "properties": {"id": 276, "name": "FR-ES project -Navarra-Landes", "commissioningYear": "2035-2036", "statusName": "Under Consideration", "typeOfElement": 2, "pciCorridor": 2, "isCrossBorder": true, "kind": "transmission", "countries": "ES;FR", "tsos": "", "year": null, "source": "sourced:ENTSO-E TYNDP 2026 project collection (tyndp2026.entsoe.eu), accessed 2026-08-21; draft/preliminary portfolio", "voltage_kv": 400.0, "technology": "AC;DC", "route_km": 295.0, "attrs_source": "sourced:ENTSO-E TYNDP 2024 final plan detail (id match)"}, "geometry": {"type": "MultiPolygon", "coordinates": [[[[-1.746826, 42.274832], [-1.746826, 42.485834], [-1.461182, 42.485834], [-1.461182, 42.274832], [-1.746826, 42.274832]]]]}}, {"type": "Feature", "properties": {"id": 280, "name": "FR-BE: Lonny-Achene-Gramme", "commissioningYear": "2030/2032", "statusName": "In Permitting", "typeOfElement": 1, "pciCorridor": 2, "isCrossBorder": true, "kind": "transmission", "countries": "BE;FR", "tsos": "", "year": null, "source": "sourced:ENTSO-E TYNDP 2026 project collection (tyndp2026.entsoe.eu), accessed 2026-08-21; draft/preliminary portfolio", "voltage_kv": 400.0, "technology": "AC", "route_km": 100.0, "attrs_source": "sourced:ENTSO-E TYNDP 2024 final plan detail (id match)"}, "geometry": {"type": "LineString", "coordinates": [[5.220017, 50.456805], [5.051981, 50.248575], [4.955054, 50.051884], [4.80965, 50.024894], [4.576987, 49.808515], [4.492969, 49.802258]]}}, {"type": "Feature", "properties": {"id": 283, "name": "TuNur Italy", "commissioningYear": "2034", "statusName": "Under Consideration", "typeOfElement": 5, "pciCorridor": 1, "isCrossBorder": true, "kind": "transmission", "countries": "IT;TN", "tsos": "", "year": 2034, "source": "sourced:ENTSO-E TYNDP 2026 project collection (tyndp2026.entsoe.eu), accessed 2026-08-21; draft/preliminary portfolio", "voltage_kv": 525.0, "technology": "AC;DC", "route_km": 1310.0, "attrs_source": "sourced:ENTSO-E TYNDP 2024 final plan detail (id match)"}, "geometry": {"type": "LineString", "coordinates": [[8.384886, 33.41081], [8.807859, 33.390173], [9.409361, 33.559707], [9.997129, 33.845327], [9.953903, 36.595684], [10.03453, 36.743836], [9.871795, 36.746587], [9.491329, 37.269682], [9.211178, 37.749001], [9.12878, 38.009148], [9.205685, 38.25975], [9.375973, 38.406254], [9.744015, 38.651198], [9.78796, 38.766933], [10.050774, 40.78886], [10.51898, 41.578471], [11.016111, 41.996243], [11.577675, 42.252282], [11.611664, 42.279087], [11.623093, 42.285056], [11.632448, 42.294644], [11.63777, 42.299595], [11.635868, 42.3088]]}}, {"type": "Feature", "properties": {"id": 283, "name": "TuNur Italy", "commissioningYear": "2034", "statusName": "Under Consideration", "typeOfElement": 5, "pciCorridor": 1, "isCrossBorder": true, "kind": "transmission", "countries": "IT;TN", "tsos": "", "year": 2034, "source": "sourced:ENTSO-E TYNDP 2026 project collection (tyndp2026.entsoe.eu), accessed 2026-08-21; draft/preliminary portfolio", "voltage_kv": 525.0, "technology": "AC;DC", "route_km": 1310.0, "attrs_source": "sourced:ENTSO-E TYNDP 2024 final plan detail (id match)"}, "geometry": {"type": "LineString", "coordinates": [[11.712277, 42.232934], [11.715153, 42.230456], [11.720646, 42.231409], [11.721461, 42.232394], [11.719916, 42.233951]]}}, {"type": "Feature", "properties": {"id": 285, "name": "GridLink", "commissioningYear": "2030", "statusName": "In Permitting", "typeOfElement": 5, "pciCorridor": 3, "isCrossBorder": true, "kind": "transmission", "countries": "FR;GB", "tsos": "", "year": 2030, "source": "sourced:ENTSO-E TYNDP 2026 project collection (tyndp2026.entsoe.eu), accessed 2026-08-21; draft/preliminary portfolio", "voltage_kv": 525.0, "technology": "DC", "route_km": 158.0, "attrs_source": "sourced:ENTSO-E TYNDP 2024 final plan detail (id match)"}, "geometry": {"type": "LineString", "coordinates": [[0.610085, 51.41955], [0.619011, 51.410557], [0.638924, 51.410985], [0.65197, 51.416766], [0.661926, 51.427685], [0.678749, 51.429183], [0.710335, 51.426614], [0.727158, 51.43539], [0.740547, 51.457858], [0.75634, 51.463847], [0.803032, 51.465986], [0.845261, 51.461922], [1.059494, 51.437317], [1.299133, 51.440527], [1.482811, 51.440099], [1.548729, 51.398135], [1.759186, 51.198279], [2.046204, 51.147479], [2.200012, 51.090585], [2.230225, 51.020234], [2.239151, 51.020234], [2.239151, 51.00425], [2.201385, 50.997768], [2.211685, 50.97313], [2.204132, 50.966211]]}}, {"type": "Feature", "properties": {"id": 299, "name": "SACOI 3", "commissioningYear": "2029", "statusName": "Under Construction", "typeOfElement": 2, "pciCorridor": 2, "isCrossBorder": true, "kind": "transmission", "countries": "FR;IT", "tsos": "", "year": 2029, "source": "sourced:ENTSO-E TYNDP 2026 project collection (tyndp2026.entsoe.eu), accessed 2026-08-21; draft/preliminary portfolio", "voltage_kv": 200.0, "technology": "DC", "route_km": 410.0, "attrs_source": "sourced:ENTSO-E TYNDP 2024 final plan detail (id match)"}, "geometry": {"type": "LineString", "coordinates": [[9.223462, 41.136469], [9.118872, 41.450879], [9.359472, 42.732004], [10.635974, 43.038623]]}}, {"type": "Feature", "properties": {"id": 309, "name": "NeuConnect", "commissioningYear": "2027", "statusName": "Under Construction", "typeOfElement": 5, "pciCorridor": 3, "isCrossBorder": true, "kind": "transmission", "countries": "DE;GB", "tsos": "", "year": 2027, "source": "sourced:ENTSO-E TYNDP 2026 project collection (tyndp2026.entsoe.eu), accessed 2026-08-21; draft/preliminary portfolio", "voltage_kv": 500.0, "technology": "DC", "route_km": 720.0, "attrs_source": "sourced:ENTSO-E TYNDP 2024 final plan detail (id match)"}, "geometry": {"type": "LineString", "coordinates": [[0.89209, 51.341594], [1.463379, 51.683455], [2.95752, 51.982174], [3.528809, 52.413142], [4.473633, 53.537696], [5.44043, 53.9535], [6.539063, 54.108367], [6.890625, 53.824003], [7.967285, 54.018098], [7.989258, 53.602937]]}}, {"type": "Feature", "properties": {"id": 313, "name": "Isar/Altheim/Ottenhofen (DE) - St.Peter (AT)", "commissioningYear": "2027", "statusName": "In Permitting", "typeOfElement": 1, "pciCorridor": 1, "isCrossBorder": true, "kind": "transmission", "countries": "AT;DE", "tsos": "", "year": 2027, "source": "sourced:ENTSO-E TYNDP 2026 project collection (tyndp2026.entsoe.eu), accessed 2026-08-21; draft/preliminary portfolio", "voltage_kv": 380.0, "technology": "AC", "route_km": 90.0, "attrs_source": "sourced:ENTSO-E TYNDP 2024 final plan detail (id match)"}, "geometry": {"type": "LineString", "coordinates": [[13.081669, 48.255972], [13.081856, 48.263993], [13.079359, 48.265489], [13.072097, 48.263289], [13.06263, 48.268252], [13.051689, 48.271072], [12.935789, 48.329965], [12.787533, 48.392168], [12.78753, 48.392185], [12.787749, 48.392465], [12.173794, 48.637415]]}}, {"type": "Feature", "properties": {"id": 323, "name": "Dekani (SI) - Zaule (IT) interconnection", "commissioningYear": "2026", "statusName": "In Permitting", "typeOfElement": 1, "pciCorridor": 1, "isCrossBorder": true, "kind": "transmission", "countries": "IT;SI", "tsos": "", "year": 2026, "source": "sourced:ENTSO-E TYNDP 2026 project collection (tyndp2026.entsoe.eu), accessed 2026-08-21; draft/preliminary portfolio", "voltage_kv": 110.0, "technology": "AC", "route_km": 11.0, "attrs_source": "sourced:ENTSO-E TYNDP 2024 final plan detail (id match)"}, "geometry": {"type": "LineString", "coordinates": [[13.816826, 45.61776], [13.818655, 45.616199], [13.816295, 45.614968], [13.820415, 45.612536], [13.817925, 45.609895], [13.811274, 45.607373], [13.806639, 45.60422], [13.806038, 45.596834], [13.806124, 45.590618], [13.797798, 45.584011], [13.789129, 45.572476], [13.785181, 45.56833], [13.784065, 45.564485], [13.788013, 45.560038], [13.783121, 45.556011], [13.793163, 45.551984], [13.798914, 45.550602], [13.803806, 45.548618]]}}, {"type": "Feature", "properties": {"id": 324, "name": "Redipuglia (IT) - Vrtojba (SI) interconnection", "commissioningYear": "2026", "statusName": "In Permitting", "typeOfElement": 1, "pciCorridor": 1, "isCrossBorder": true, "kind": "transmission", "countries": "IT;SI", "tsos": "", "year": 2026, "source": "sourced:ENTSO-E TYNDP 2026 project collection (tyndp2026.entsoe.eu), accessed 2026-08-21; draft/preliminary portfolio", "voltage_kv": 110.0, "technology": "AC", "route_km": 22.5, "attrs_source": "sourced:ENTSO-E TYNDP 2024 final plan detail (id match)"}, "geometry": {"type": "LineString", "coordinates": [[13.649483, 45.908167], [13.648796, 45.91581], [13.607544, 45.917005], [13.602104, 45.913661], [13.599014, 45.907928], [13.587685, 45.913422], [13.583565, 45.919871], [13.562622, 45.917482], [13.548546, 45.904583], [13.529609, 45.903389], [13.508034, 45.899088], [13.473358, 45.893593], [13.469925, 45.889769], [13.467178, 45.885707], [13.473358, 45.877342], [13.475075, 45.869453], [13.474045, 45.869931], [13.473358, 45.867541], [13.471298, 45.85989]]}}, {"type": "Feature", "properties": {"id": 325, "name": "Obersielach (AT) - Podlog (SI)", "commissioningYear": "2044", "statusName": "Under Consideration", "typeOfElement": 1, "pciCorridor": 1, "isCrossBorder": true, "kind": "transmission", "countries": "AT;SI", "tsos": "", "year": 2044, "source": "sourced:ENTSO-E TYNDP 2026 project collection (tyndp2026.entsoe.eu), accessed 2026-08-21; draft/preliminary portfolio", "voltage_kv": 380.0, "technology": "AC", "route_km": 70.0, "attrs_source": "sourced:ENTSO-E TYNDP 2024 final plan detail (id match)"}, "geometry": {"type": "LineString", "coordinates": [[14.51009, 46.566976], [14.766895, 46.466804], [15.047733, 46.417596], [15.130714, 46.354691], [15.119728, 46.263623]]}}, {"type": "Feature", "properties": {"id": 328, "name": "Interconnector DE-LUX", "commissioningYear": "2029", "statusName": "Planned But Not Yet Permitting", "typeOfElement": 1, "pciCorridor": 0, "isCrossBorder": true, "kind": "transmission", "countries": "DE;LU", "tsos": "", "year": 2029, "source": "sourced:ENTSO-E TYNDP 2026 project collection (tyndp2026.entsoe.eu), accessed 2026-08-21; draft/preliminary portfolio", "voltage_kv": 400.0, "technology": "AC", "route_km": 40.0, "attrs_source": "sourced:ENTSO-E TYNDP 2024 final plan detail (id match)"}, "geometry": {"type": "Point", "coordinates": [6.594149, 49.80226]}}, {"type": "Feature", "properties": {"id": 328, "name": "Interconnector DE-LUX", "commissioningYear": "2029", "statusName": "Planned But Not Yet Permitting", "typeOfElement": 1, "pciCorridor": 0, "isCrossBorder": true, "kind": "transmission", "countries": "DE;LU", "tsos": "", "year": 2029, "source": "sourced:ENTSO-E TYNDP 2026 project collection (tyndp2026.entsoe.eu), accessed 2026-08-21; draft/preliminary portfolio", "voltage_kv": 400.0, "technology": "AC", "route_km": 40.0, "attrs_source": "sourced:ENTSO-E TYNDP 2024 final plan detail (id match)"}, "geometry": {"type": "Point", "coordinates": [6.312916, 49.723272]}}, {"type": "Feature", "properties": {"id": 328, "name": "Interconnector DE-LUX", "commissioningYear": "2029", "statusName": "Planned But Not Yet Permitting", "typeOfElement": 1, "pciCorridor": 0, "isCrossBorder": true, "kind": "transmission", "countries": "DE;LU", "tsos": "", "year": 2029, "source": "sourced:ENTSO-E TYNDP 2026 project collection (tyndp2026.entsoe.eu), accessed 2026-08-21; draft/preliminary portfolio", "voltage_kv": 400.0, "technology": "AC", "route_km": 40.0, "attrs_source": "sourced:ENTSO-E TYNDP 2024 final plan detail (id match)"}, "geometry": {"type": "LineString", "coordinates": [[6.594492, 49.80288], [6.55913, 49.771405], [6.517588, 49.763422], [6.311937, 49.723265]]}}, {"type": "Feature", "properties": {"id": 329, "name": "Stevin-Izegem/Avelgem (Ventilus): new corridor", "commissioningYear": "2029", "statusName": "In Permitting", "typeOfElement": 1, "pciCorridor": 2, "isCrossBorder": false, "kind": "transmission", "countries": "BE", "tsos": "", "year": 2029, "source": "sourced:ENTSO-E TYNDP 2026 project collection (tyndp2026.entsoe.eu), accessed 2026-08-21; draft/preliminary portfolio", "voltage_kv": 380.0, "technology": "AC", "route_km": 82.0, "attrs_source": "sourced:ENTSO-E TYNDP 2024 final plan detail (id match)"}, "geometry": {"type": "LineString", "coordinates": [[3.169556, 51.323747], [3.176422, 51.218067], [3.114624, 51.193976], [3.14621, 51.173316], [3.154449, 51.072468], [3.180542, 50.952371], [3.46344, 50.797255]]}}, {"type": "Feature", "properties": {"id": 330, "name": "4th 400kV CZ-SK interconnector", "commissioningYear": "2038", "statusName": "Planned But Not Yet Permitting", "typeOfElement": 1, "pciCorridor": 1, "isCrossBorder": true, "kind": "transmission", "countries": "CZ;SK", "tsos": "", "year": 2038, "source": "sourced:ENTSO-E TYNDP 2026 project collection (tyndp2026.entsoe.eu), accessed 2026-08-21; draft/preliminary portfolio", "voltage_kv": 400.0, "technology": "AC", "route_km": 78.0, "attrs_source": "sourced:ENTSO-E TYNDP 2024 final plan detail (id match)"}, "geometry": {"type": "Point", "coordinates": [18.29464, 49.035595]}}, {"type": "Feature", "properties": {"id": 338, "name": "Adriatic HVDC link", "commissioningYear": "2029", "statusName": "Under Construction", "typeOfElement": 5, "pciCorridor": 1, "isCrossBorder": false, "kind": "transmission", "countries": "IT", "tsos": "", "year": 2029, "source": "sourced:ENTSO-E TYNDP 2026 project collection (tyndp2026.entsoe.eu), accessed 2026-08-21; draft/preliminary portfolio", "voltage_kv": 500.0, "technology": "DC", "route_km": 560.0, "attrs_source": "sourced:ENTSO-E TYNDP 2024 final plan detail (id match)"}, "geometry": {"type": "MultiPolygon", "coordinates": [[[[14.331006, 42.285803], [14.822754, 42.613911], [13.682263, 43.871485], [12.908002, 43.84883], [14.331006, 42.285803]]]]}}, {"type": "Feature", "properties": {"id": 339, "name": "Tyrrhenian link", "commissioningYear": "2029", "statusName": "Under Construction", "typeOfElement": 5, "pciCorridor": 1, "isCrossBorder": false, "kind": "transmission", "countries": "IT", "tsos": "", "year": 2029, "source": "sourced:ENTSO-E TYNDP 2026 project collection (tyndp2026.entsoe.eu), accessed 2026-08-21; draft/preliminary portfolio", "voltage_kv": 500.0, "technology": "DC", "route_km": 1324.0, "attrs_source": "sourced:ENTSO-E TYNDP 2024 final plan detail (id match)"}, "geometry": {"type": "LineString", "coordinates": [[13.212158, 38.109492], [9.207642, 39.241613]]}}, {"type": "Feature", "properties": {"id": 340, "name": "Avelgem-Courcelles (Boucle du Hainaut): new corridor", "commissioningYear": "2032", "statusName": "In Permitting", "typeOfElement": 1, "pciCorridor": 2, "isCrossBorder": false, "kind": "transmission", "countries": "BE", "tsos": "", "year": 2032, "source": "sourced:ENTSO-E TYNDP 2026 project collection (tyndp2026.entsoe.eu), accessed 2026-08-21; draft/preliminary portfolio", "voltage_kv": 380.0, "technology": "AC", "route_km": 90.0, "attrs_source": "sourced:ENTSO-E TYNDP 2024 final plan detail (id match)"}, "geometry": {"type": "MultiPolygon", "coordinates": [[[[3.44155, 50.77687], [3.554654, 50.825891], [4.184747, 50.762574], [4.184747, 50.54337], [3.44155, 50.77687]]]]}}, {"type": "Feature", "properties": {"id": 341, "name": "North CSE Corridor", "commissioningYear": "2029", "statusName": "In Permitting", "typeOfElement": 1, "pciCorridor": 1, "isCrossBorder": true, "kind": "transmission", "countries": "RO;RS", "tsos": "", "year": 2029, "source": "sourced:ENTSO-E TYNDP 2026 project collection (tyndp2026.entsoe.eu), accessed 2026-08-21; draft/preliminary portfolio", "voltage_kv": 400.0, "technology": "AC", "route_km": 201.6, "attrs_source": "sourced:ENTSO-E TYNDP 2024 final plan detail (id match)"}, "geometry": {"type": "LineString", "coordinates": [[22.002869, 45.305803], [22.041321, 45.296143], [22.173157, 45.336702], [22.269287, 45.220743], [22.480774, 45.096791], [22.571411, 44.717465]]}}, {"type": "Feature", "properties": {"id": 342, "name": "Central Balkan Corridor", "commissioningYear": "2034", "statusName": "Planned But Not Yet Permitting", "typeOfElement": 1, "pciCorridor": 1, "isCrossBorder": true, "kind": "transmission", "countries": "BG;RS", "tsos": "", "year": 2034, "source": "sourced:ENTSO-E TYNDP 2026 project collection (tyndp2026.entsoe.eu), accessed 2026-08-21; draft/preliminary portfolio", "voltage_kv": 400.0, "technology": "AC", "route_km": 440.0, "attrs_source": "sourced:ENTSO-E TYNDP 2024 final plan detail (id match)"}, "geometry": {"type": "LineString", "coordinates": [[21.266785, 44.590467], [21.165161, 44.508259], [21.156921, 44.339565], [21.272278, 44.260937], [21.398621, 44.205835], [21.428833, 44.006645], [21.395874, 43.94735]]}}, {"type": "Feature", "properties": {"id": 343, "name": "CSE1 New", "commissioningYear": "2035", "statusName": "Planned But Not Yet Permitting", "typeOfElement": 1, "pciCorridor": 1, "isCrossBorder": true, "kind": "transmission", "countries": "BA;HR", "tsos": "", "year": 2035, "source": "sourced:ENTSO-E TYNDP 2026 project collection (tyndp2026.entsoe.eu), accessed 2026-08-21; draft/preliminary portfolio", "voltage_kv": 400.0, "technology": "AC", "route_km": 562.0, "attrs_source": "sourced:ENTSO-E TYNDP 2024 final plan detail (id match)"}, "geometry": {"type": "LineString", "coordinates": [[15.271769, 44.886695], [15.2528, 44.927081], [15.542908, 45.330487], [15.624619, 45.416286], [15.632172, 45.426889], [15.634918, 45.427853], [15.79422, 45.534732]]}}, {"type": "Feature", "properties": {"id": 346, "name": "ZuidWest380 NL Oost", "commissioningYear": "2031", "statusName": "Under Construction", "typeOfElement": 1, "pciCorridor": 2, "isCrossBorder": false, "kind": "transmission", "countries": "BE;NL", "tsos": "", "year": 2031, "source": "sourced:ENTSO-E TYNDP 2026 project collection (tyndp2026.entsoe.eu), accessed 2026-08-21; draft/preliminary portfolio", "voltage_kv": 380.0, "technology": "AC", "route_km": 80.0, "attrs_source": "sourced:ENTSO-E TYNDP 2024 final plan detail (id match)"}, "geometry": {"type": "MultiPolygon", "coordinates": [[[[4.94529, 51.700379], [4.129005, 51.444319], [4.210304, 51.3559], [5.091408, 51.604269], [4.94529, 51.700379]]]]}}, {"type": "Feature", "properties": {"id": 349, "name": "MaresConnect", "commissioningYear": "2029", "statusName": "In Permitting", "typeOfElement": 2, "pciCorridor": 3, "isCrossBorder": true, "kind": "transmission", "countries": "GB;IE", "tsos": "", "year": 2029, "source": "sourced:ENTSO-E TYNDP 2026 project collection (tyndp2026.entsoe.eu), accessed 2026-08-21; draft/preliminary portfolio", "voltage_kv": 400.0, "technology": "AC;DC", "route_km": 247.0, "attrs_source": "sourced:ENTSO-E TYNDP 2024 final plan detail (id match)"}, "geometry": {"type": "Point", "coordinates": [-6.611023, 53.293131]}}, {"type": "Feature", "properties": {"id": 350, "name": "South Balkan Corridor", "commissioningYear": "2027", "statusName": "Under Construction", "typeOfElement": 1, "pciCorridor": 1, "isCrossBorder": true, "kind": "transmission", "countries": "AL;MK", "tsos": "", "year": 2027, "source": "sourced:ENTSO-E TYNDP 2026 project collection (tyndp2026.entsoe.eu), accessed 2026-08-21; draft/preliminary portfolio", "voltage_kv": 400.0, "technology": "AC", "route_km": 151.0, "attrs_source": "sourced:ENTSO-E TYNDP 2024 final plan detail (id match)"}, "geometry": {"type": "LineString", "coordinates": [[21.300516, 41.040759], [20.720301, 41.230811], [20.073137, 41.105464]]}}, {"type": "Feature", "properties": {"id": 350, "name": "South Balkan Corridor", "commissioningYear": "2027", "statusName": "Under Construction", "typeOfElement": 1, "pciCorridor": 1, "isCrossBorder": true, "kind": "transmission", "countries": "AL;MK", "tsos": "", "year": 2027, "source": "sourced:ENTSO-E TYNDP 2026 project collection (tyndp2026.entsoe.eu), accessed 2026-08-21; draft/preliminary portfolio", "voltage_kv": 400.0, "technology": "AC", "route_km": 151.0, "attrs_source": "sourced:ENTSO-E TYNDP 2024 final plan detail (id match)"}, "geometry": {"type": "Point", "coordinates": [20.723047, 41.228132]}}, {"type": "Feature", "properties": {"id": 375, "name": "Lienz (AT) - Veneto region (IT) 220 kV", "commissioningYear": "2036", "statusName": "Planned But Not Yet Permitting", "typeOfElement": 1, "pciCorridor": 1, "isCrossBorder": true, "kind": "transmission", "countries": "AT;IT", "tsos": "", "year": 2036, "source": "sourced:ENTSO-E TYNDP 2026 project collection (tyndp2026.entsoe.eu), accessed 2026-08-21; draft/preliminary portfolio", "voltage_kv": 220.0, "technology": "AC", "route_km": 140.0, "attrs_source": "sourced:ENTSO-E TYNDP 2024 final plan detail (id match)"}, "geometry": {"type": "MultiPolygon", "coordinates": [[[[12.663748, 46.848283], [12.763147, 46.801752], [12.284473, 46.270943], [12.219077, 46.27455], [12.663748, 46.848283]]]]}}, {"type": "Feature", "properties": {"id": 376, "name": "Refurbishment of the 400kV Meliti(GR)-Bitola(MK) interconnector", "commissioningYear": "2035", "statusName": "Under Consideration", "typeOfElement": 1, "pciCorridor": 1, "isCrossBorder": true, "kind": "transmission", "countries": "GR;MK", "tsos": "", "year": 2035, "source": "sourced:ENTSO-E TYNDP 2026 project collection (tyndp2026.entsoe.eu), accessed 2026-08-21; draft/preliminary portfolio", "voltage_kv": 400.0, "technology": "AC", "route_km": 35.5, "attrs_source": "sourced:ENTSO-E TYNDP 2024 final plan detail (id match)"}, "geometry": {"type": "LineString", "coordinates": [[21.476351, 41.044922], [21.446139, 40.976529], [21.466051, 40.965641], [21.474634, 40.908323], [21.474427, 40.838911]]}}, {"type": "Feature", "properties": {"id": 377, "name": "Upgrade BE-NL interconnector VanEyck-Maasbracht", "commissioningYear": "2034", "statusName": "Under Consideration", "typeOfElement": 1, "pciCorridor": 2, "isCrossBorder": true, "kind": "transmission", "countries": "BE;NL", "tsos": "", "year": 2034, "source": "sourced:ENTSO-E TYNDP 2026 project collection (tyndp2026.entsoe.eu), accessed 2026-08-21; draft/preliminary portfolio", "voltage_kv": 380.0, "technology": "AC", "route_km": 12.0, "attrs_source": "sourced:ENTSO-E TYNDP 2024 final plan detail (id match)"}, "geometry": {"type": "LineString", "coordinates": [[5.89959, 51.14162], [5.837791, 51.150236], [5.715569, 51.093346]]}}, {"type": "Feature", "properties": {"id": 1034, "name": "HVDC corridor from Northern Germany to Western Germany", "commissioningYear": "2033", "statusName": "Planned But Not Yet Permitting", "typeOfElement": 2, "pciCorridor": 2, "isCrossBorder": false, "kind": "transmission", "countries": "DE", "tsos": "", "year": 2033, "source": "sourced:ENTSO-E TYNDP 2026 project collection (tyndp2026.entsoe.eu), accessed 2026-08-21; draft/preliminary portfolio", "voltage_kv": 525.0, "technology": "DC", "route_km": 710.0, "attrs_source": "sourced:ENTSO-E TYNDP 2024 final plan detail (id match)"}, "geometry": {"type": "MultiPolygon", "coordinates": [[[[7.888184, 51.6998], [7.888184, 53.592505], [8.250732, 53.592505], [8.250732, 51.6998], [7.888184, 51.6998]]]]}}, {"type": "Feature", "properties": {"id": 1034, "name": "HVDC corridor from Northern Germany to Western Germany", "commissioningYear": "2033", "statusName": "Planned But Not Yet Permitting", "typeOfElement": 2, "pciCorridor": 2, "isCrossBorder": false, "kind": "transmission", "countries": "DE", "tsos": "", "year": 2033, "source": "sourced:ENTSO-E TYNDP 2026 project collection (tyndp2026.entsoe.eu), accessed 2026-08-21; draft/preliminary portfolio", "voltage_kv": 525.0, "technology": "DC", "route_km": 710.0, "attrs_source": "sourced:ENTSO-E TYNDP 2024 final plan detail (id match)"}, "geometry": {"type": "MultiPolygon", "coordinates": [[[[9.140625, 54.072283], [9.42627, 54.02068], [6.811523, 51.138001], [6.437988, 51.220647], [9.140625, 54.072283]]]]}}, {"type": "Feature", "properties": {"id": 1040, "name": "LirIC", "commissioningYear": "2032", "statusName": "Under Consideration", "typeOfElement": 5, "pciCorridor": 3, "isCrossBorder": false, "kind": "transmission", "countries": "GB", "tsos": "", "year": 2032, "source": "sourced:ENTSO-E TYNDP 2026 project collection (tyndp2026.entsoe.eu), accessed 2026-08-21; draft/preliminary portfolio", "voltage_kv": 320.0, "technology": "DC", "route_km": 142.0, "attrs_source": "sourced:ENTSO-E TYNDP 2024 final plan detail (id match)"}, "geometry": {"type": "MultiPolygon", "coordinates": [[[[-4.906254, 55.730203], [-4.422855, 55.547281], [-4.373417, 55.347889], [-5.878544, 54.680183], [-5.779667, 54.870285], [-4.906254, 55.730203]]]]}}, {"type": "Feature", "properties": {"id": 1041, "name": "GREGY Green Energy Interconnector", "commissioningYear": "2030", "statusName": "Under Consideration", "typeOfElement": 2, "pciCorridor": 1, "isCrossBorder": true, "kind": "transmission", "countries": "EG;GR", "tsos": "", "year": 2030, "source": "sourced:ENTSO-E TYNDP 2026 project collection (tyndp2026.entsoe.eu), accessed 2026-08-21; draft/preliminary portfolio", "voltage_kv": 525.0, "technology": "DC", "route_km": 954.0, "attrs_source": "sourced:ENTSO-E TYNDP 2024 final plan detail (id match)"}, "geometry": {"type": "LineString", "coordinates": [[30.304756, 30.599798], [29.011116, 30.713209], [25.173111, 31.437451], [25.20607, 32.109914], [23.514175, 35.168757], [23.481216, 35.72812], [23.201065, 35.861787], [23.201065, 36.221565], [23.283463, 36.42073], [23.642321, 37.35972], [23.589363, 37.805173], [23.393068, 37.890502], [23.393068, 37.989601], [23.738194, 38.109573]]}}, {"type": "Feature", "properties": {"id": 1041, "name": "GREGY Green Energy Interconnector", "commissioningYear": "2030", "statusName": "Under Consideration", "typeOfElement": 2, "pciCorridor": 1, "isCrossBorder": true, "kind": "transmission", "countries": "EG;GR", "tsos": "", "year": 2030, "source": "sourced:ENTSO-E TYNDP 2026 project collection (tyndp2026.entsoe.eu), accessed 2026-08-21; draft/preliminary portfolio", "voltage_kv": 525.0, "technology": "DC", "route_km": 954.0, "attrs_source": "sourced:ENTSO-E TYNDP 2024 final plan detail (id match)"}, "geometry": {"type": "LineString", "coordinates": [[31.055088, 29.075488], [32.726212, 28.623556]]}}, {"type": "Feature", "properties": {"id": 1041, "name": "GREGY Green Energy Interconnector", "commissioningYear": "2030", "statusName": "Under Consideration", "typeOfElement": 2, "pciCorridor": 1, "isCrossBorder": true, "kind": "transmission", "countries": "EG;GR", "tsos": "", "year": 2030, "source": "sourced:ENTSO-E TYNDP 2026 project collection (tyndp2026.entsoe.eu), accessed 2026-08-21; draft/preliminary portfolio", "voltage_kv": 525.0, "technology": "DC", "route_km": 954.0, "attrs_source": "sourced:ENTSO-E TYNDP 2024 final plan detail (id match)"}, "geometry": {"type": "LineString", "coordinates": [[30.329475, 30.597951], [30.914497, 29.49243], [30.939217, 28.945894]]}}, {"type": "Feature", "properties": {"id": 1046, "name": "Finnish North-South reinforcement", "commissioningYear": "2032", "statusName": "In Permitting", "typeOfElement": 1, "pciCorridor": 0, "isCrossBorder": false, "kind": "transmission", "countries": "FI", "tsos": "", "year": 2032, "source": "sourced:ENTSO-E TYNDP 2026 project collection (tyndp2026.entsoe.eu), accessed 2026-08-21; draft/preliminary portfolio", "voltage_kv": 400.0, "technology": "AC", "route_km": 1270.0, "attrs_source": "sourced:ENTSO-E TYNDP 2024 final plan detail (id match)"}, "geometry": {"type": "LineString", "coordinates": [[27.476807, 64.174763], [25.806885, 63.726083], [26.570435, 61.962198], [26.636353, 60.826172]]}}, {"type": "Feature", "properties": {"id": 1049, "name": "Cronos Energy Ltd", "commissioningYear": "2032", "statusName": "Under Consideration", "typeOfElement": 5, "pciCorridor": 3, "isCrossBorder": true, "kind": "transmission", "countries": "BE;GB", "tsos": "", "year": 2032, "source": "sourced:ENTSO-E TYNDP 2026 project collection (tyndp2026.entsoe.eu), accessed 2026-08-21; draft/preliminary portfolio", "voltage_kv": 525.0, "technology": "DC", "route_km": 202.0, "attrs_source": "sourced:ENTSO-E TYNDP 2024 final plan detail (id match)"}, "geometry": {"type": "LineString", "coordinates": [[0.791016, 51.386523], [0.961304, 51.386523], [1.378784, 51.44134], [2.938843, 51.44134], [4.169312, 50.989557]]}}, {"type": "Feature", "properties": {"id": 1050, "name": "Tarchon Energy Ltd", "commissioningYear": "2030", "statusName": "Under Consideration", "typeOfElement": 5, "pciCorridor": 3, "isCrossBorder": true, "kind": "transmission", "countries": "DE;GB", "tsos": "", "year": 2030, "source": "sourced:ENTSO-E TYNDP 2026 project collection (tyndp2026.entsoe.eu), accessed 2026-08-21; draft/preliminary portfolio", "voltage_kv": 525.0, "technology": "DC", "route_km": 610.0, "attrs_source": "sourced:ENTSO-E TYNDP 2024 final plan detail (id match)"}, "geometry": {"type": "LineString", "coordinates": [[0.950317, 51.917168], [1.488647, 51.781436], [4.77356, 53.370221], [7.355347, 53.787672], [7.443237, 53.021392]]}}, {"type": "Feature", "properties": {"id": 1052, "name": "Lienz (AT) - Malta (AT) - Obersielach (AT)", "commissioningYear": "2034", "statusName": "Planned But Not Yet Permitting", "typeOfElement": 1, "pciCorridor": 2, "isCrossBorder": false, "kind": "transmission", "countries": "AT", "tsos": "", "year": 2034, "source": "sourced:ENTSO-E TYNDP 2026 project collection (tyndp2026.entsoe.eu), accessed 2026-08-21; draft/preliminary portfolio", "voltage_kv": 380.0, "technology": "AC", "route_km": 202.0, "attrs_source": "sourced:ENTSO-E TYNDP 2024 final plan detail (id match)"}, "geometry": {"type": "LineString", "coordinates": [[14.68123, 46.650502], [13.810563, 46.683534], [13.542397, 46.828596], [13.253007, 46.942799], [12.998324, 46.93939], [12.799572, 46.850458]]}}, {"type": "Feature", "properties": {"id": 1054, "name": "220-kV Westtirol (AT) - Zell/Ziller (AT)", "commissioningYear": "2032", "statusName": "Planned But Not Yet Permitting", "typeOfElement": 1, "pciCorridor": 2, "isCrossBorder": false, "kind": "transmission", "countries": "AT", "tsos": "", "year": 2032, "source": "sourced:ENTSO-E TYNDP 2026 project collection (tyndp2026.entsoe.eu), accessed 2026-08-21; draft/preliminary portfolio", "voltage_kv": 220.0, "technology": "AC", "route_km": 104.0, "attrs_source": "sourced:ENTSO-E TYNDP 2024 final plan detail (id match)"}, "geometry": {"type": "LineString", "coordinates": [[11.90094, 47.232625], [11.832275, 47.281092], [11.840515, 47.353711], [11.747131, 47.357432], [11.711426, 47.262456], [11.513672, 47.197178], [11.296692, 47.204642], [11.04126, 47.262456], [10.978088, 47.284819]]}}, {"type": "Feature", "properties": {"id": 1058, "name": "HVDC Interconnector DE-CH", "commissioningYear": "2037", "statusName": "Under Consideration", "typeOfElement": 2, "pciCorridor": 2, "isCrossBorder": true, "kind": "transmission", "countries": "CH;DE", "tsos": "", "year": 2037, "source": "sourced:ENTSO-E TYNDP 2026 project collection (tyndp2026.entsoe.eu), accessed 2026-08-21; draft/preliminary portfolio", "voltage_kv": 525.0, "technology": "DC", "route_km": 214.0, "attrs_source": "sourced:ENTSO-E TYNDP 2024 final plan detail (id match)"}, "geometry": {"type": "MultiPolygon", "coordinates": [[[[8.671875, 48.614754], [8.964844, 48.614754], [8.393555, 47.016468], [8.111572, 47.026454], [8.671875, 48.614754]]]]}}, {"type": "Feature", "properties": {"id": 1059, "name": "Southern Italy", "commissioningYear": "2032", "statusName": "In Permitting", "typeOfElement": 1, "pciCorridor": 1, "isCrossBorder": false, "kind": "transmission", "countries": "IT", "tsos": "", "year": 2032, "source": "sourced:ENTSO-E TYNDP 2026 project collection (tyndp2026.entsoe.eu), accessed 2026-08-21; draft/preliminary portfolio", "voltage_kv": 400.0, "technology": "AC", "route_km": 50.0, "attrs_source": "sourced:ENTSO-E TYNDP 2024 final plan detail (id match)"}, "geometry": {"type": "LineString", "coordinates": [[14.776611, 41.114085], [15.303955, 40.748883], [15.24353, 40.293733]]}}, {"type": "Feature", "properties": {"id": 1066, "name": "Bulgaria - Turkey", "commissioningYear": "2035", "statusName": "Under Consideration", "typeOfElement": 1, "pciCorridor": 1, "isCrossBorder": true, "kind": "transmission", "countries": "BG;TR", "tsos": "", "year": 2035, "source": "sourced:ENTSO-E TYNDP 2026 project collection (tyndp2026.entsoe.eu), accessed 2026-08-21; draft/preliminary portfolio", "voltage_kv": 400.0, "technology": "AC", "route_km": 150.0, "attrs_source": "sourced:ENTSO-E TYNDP 2024 final plan detail (id match)"}, "geometry": {"type": "LineString", "coordinates": [[26.064978, 42.419116], [26.358604, 42.366154], [26.560135, 42.329616], [26.994781, 42.01053], [27.298279, 41.674963], [27.528992, 41.625708], [27.59594, 41.527343]]}}, {"type": "Feature", "properties": {"id": 1067, "name": "New AC 400 kV interconnection line Greece - Turkey", "commissioningYear": "2031", "statusName": "Planned But Not Yet Permitting", "typeOfElement": 1, "pciCorridor": 1, "isCrossBorder": true, "kind": "transmission", "countries": "GR;TR", "tsos": "", "year": 2031, "source": "sourced:ENTSO-E TYNDP 2026 project collection (tyndp2026.entsoe.eu), accessed 2026-08-21; draft/preliminary portfolio", "voltage_kv": 400.0, "technology": "AC", "route_km": 270.0, "attrs_source": "sourced:ENTSO-E TYNDP 2024 final plan detail (id match)"}, "geometry": {"type": "LineString", "coordinates": [[24.285278, 40.975751], [24.785156, 41.182788], [25.664063, 41.170384], [25.713501, 41.120746]]}}, {"type": "Feature", "properties": {"id": 1074, "name": "Pannonian Corridor", "commissioningYear": "2030", "statusName": "In Permitting", "typeOfElement": 1, "pciCorridor": 1, "isCrossBorder": true, "kind": "transmission", "countries": "HU;RS", "tsos": "", "year": 2030, "source": "sourced:ENTSO-E TYNDP 2026 project collection (tyndp2026.entsoe.eu), accessed 2026-08-21; draft/preliminary portfolio", "voltage_kv": 400.0, "technology": "AC", "route_km": 190.6, "attrs_source": "sourced:ENTSO-E TYNDP 2024 final plan detail (id match)"}, "geometry": {"type": "LineString", "coordinates": [[19.610596, 45.019185], [19.811096, 45.016273], [20.015717, 44.918139], [20.188751, 44.819838]]}}, {"type": "Feature", "properties": {"id": 1085, "name": "Malta-Italy Cable Link No.2", "commissioningYear": "2026", "statusName": "Under Construction", "typeOfElement": 4, "pciCorridor": 2, "isCrossBorder": true, "kind": "transmission", "countries": "IT;MT", "tsos": "", "year": 2026, "source": "sourced:ENTSO-E TYNDP 2026 project collection (tyndp2026.entsoe.eu), accessed 2026-08-21; draft/preliminary portfolio", "voltage_kv": 220.0, "technology": "AC", "route_km": 122.0, "attrs_source": "sourced:ENTSO-E TYNDP 2024 final plan detail (id match)"}, "geometry": {"type": "LineString", "coordinates": [[14.452515, 35.92242], [14.449768, 35.995785], [14.554138, 36.787291], [14.573364, 36.835668]]}}, {"type": "Feature", "properties": {"id": 1086, "name": "Internal grid reinforcements in Estonia to increase RES connection capability (RRF project)", "commissioningYear": "01-07-2026", "statusName": "Under Construction", "typeOfElement": 1, "pciCorridor": 0, "isCrossBorder": false, "kind": "transmission", "countries": "EE", "tsos": "", "year": null, "source": "sourced:ENTSO-E TYNDP 2026 project collection (tyndp2026.entsoe.eu), accessed 2026-08-21; draft/preliminary portfolio", "voltage_kv": 330.0, "technology": "AC", "route_km": 157.0, "attrs_source": "sourced:ENTSO-E TYNDP 2024 final plan detail (id match)"}, "geometry": {"type": "MultiPolygon", "coordinates": [[[[23.90928, 58.681672], [23.90928, 58.727897], [24.003213, 58.727897], [24.003213, 58.681672], [23.90928, 58.681672]]]]}}, {"type": "Feature", "properties": {"id": 1088, "name": "Latvia and Estonia Hybrid Off-Shore interconnector", "commissioningYear": "2035", "statusName": "Planned But Not Yet Permitting", "typeOfElement": 4, "pciCorridor": 0, "isCrossBorder": true, "kind": "transmission", "countries": "EE;LV", "tsos": "", "year": 2035, "source": "sourced:ENTSO-E TYNDP 2026 project collection (tyndp2026.entsoe.eu), accessed 2026-08-21; draft/preliminary portfolio", "voltage_kv": 330.0, "technology": "AC", "route_km": 535.0, "attrs_source": "sourced:ENTSO-E TYNDP 2024 final plan detail (id match)"}, "geometry": {"type": "LineString", "coordinates": [[23.05426, 58.555646], [22.058899, 58.223968]]}}, {"type": "Feature", "properties": {"id": 1092, "name": "TritonLink: offshore hybrid HVDC interconnector Belgium \u2013 Denmark", "commissioningYear": "2038", "statusName": "Planned But Not Yet Permitting", "typeOfElement": 5, "pciCorridor": 3, "isCrossBorder": true, "kind": "transmission", "countries": "BE;DK", "tsos": "", "year": 2038, "source": "sourced:ENTSO-E TYNDP 2026 project collection (tyndp2026.entsoe.eu), accessed 2026-08-21; draft/preliminary portfolio", "voltage_kv": 1050.0, "technology": "DC", "route_km": 988.0, "attrs_source": "sourced:ENTSO-E TYNDP 2024 final plan detail (id match)"}, "geometry": {"type": "MultiPolygon", "coordinates": [[[[5.117332, 51.283299], [4.485025, 50.723771], [2.785701, 51.184321], [2.686903, 51.62805], [5.532283, 56.796224], [7.093289, 56.785402], [7.132809, 56.163355], [5.947234, 56.130332], [3.240172, 51.456], [3.536565, 51.221462], [4.623342, 51.406723], [5.117332, 51.283299]]]]}}, {"type": "Feature", "properties": {"id": 1094, "name": "EstLink 3", "commissioningYear": "2038", "statusName": "Planned But Not Yet Permitting", "typeOfElement": 5, "pciCorridor": 0, "isCrossBorder": true, "kind": "transmission", "countries": "EE;FI", "tsos": "", "year": 2038, "source": "sourced:ENTSO-E TYNDP 2026 project collection (tyndp2026.entsoe.eu), accessed 2026-08-21; draft/preliminary portfolio", "voltage_kv": 450.0, "technology": "AC;DC", "route_km": 521.5, "attrs_source": "sourced:ENTSO-E TYNDP 2024 final plan detail (id match)"}, "geometry": {"type": "MultiPolygon", "coordinates": [[[[22.027588, 61.439793], [24.977417, 60.755658], [23.950195, 60.019279], [21.983643, 60.496172], [21.461792, 61.117749], [22.027588, 61.439793]]]]}}, {"type": "Feature", "properties": {"id": 1095, "name": "Aurora line 2 (4th AC Finland-Sweden north)", "commissioningYear": "2036", "statusName": "Planned But Not Yet Permitting", "typeOfElement": 1, "pciCorridor": 0, "isCrossBorder": true, "kind": "transmission", "countries": "FI;SE", "tsos": "", "year": 2036, "source": "sourced:ENTSO-E TYNDP 2026 project collection (tyndp2026.entsoe.eu), accessed 2026-08-21; draft/preliminary portfolio", "voltage_kv": 400.0, "technology": "AC", "route_km": 250.0, "attrs_source": "sourced:ENTSO-E TYNDP 2024 final plan detail (id match)"}, "geometry": {"type": "LineString", "coordinates": [[25.669556, 65.510686], [25.669556, 66.004618], [25.361938, 66.275698], [24.488525, 66.242041], [20.159912, 66.541226]]}}, {"type": "Feature", "properties": {"id": 1096, "name": "Beznau - Mettlen", "commissioningYear": "2033", "statusName": "In Permitting", "typeOfElement": 1, "pciCorridor": 2, "isCrossBorder": false, "kind": "transmission", "countries": "CH", "tsos": "", "year": 2033, "source": "sourced:ENTSO-E TYNDP 2026 project collection (tyndp2026.entsoe.eu), accessed 2026-08-21; draft/preliminary portfolio", "voltage_kv": 380.0, "technology": "AC", "route_km": 3.0, "attrs_source": "sourced:ENTSO-E TYNDP 2024 final plan detail (id match)"}, "geometry": {"type": "MultiPolygon", "coordinates": [[[[7.581596, 47.481713], [7.585287, 47.481887], [7.587433, 47.481249], [7.589235, 47.480262], [7.589407, 47.478406], [7.589579, 47.476956], [7.587519, 47.4751], [7.584257, 47.473823], [7.580481, 47.474403], [7.578163, 47.47539], [7.576447, 47.477188], [7.576447, 47.479798], [7.57782, 47.481133], [7.57988, 47.481829], [7.581596, 47.481713]]]]}}, {"type": "Feature", "properties": {"id": 1097, "name": "Konti-Skan Connect", "commissioningYear": "2036", "statusName": "Planned But Not Yet Permitting", "typeOfElement": 5, "pciCorridor": 3, "isCrossBorder": true, "kind": "transmission", "countries": "DK;SE", "tsos": "", "year": 2036, "source": "sourced:ENTSO-E TYNDP 2026 project collection (tyndp2026.entsoe.eu), accessed 2026-08-21; draft/preliminary portfolio", "voltage_kv": 525.0, "technology": "DC", "route_km": 160.0, "attrs_source": "sourced:ENTSO-E TYNDP 2024 final plan detail (id match)"}, "geometry": {"type": "LineString", "coordinates": [[12.016296, 57.557102], [11.871643, 57.555138], [10.956116, 57.22853], [10.721741, 57.193824], [10.556946, 57.209693], [10.247497, 57.134252]]}}, {"type": "Feature", "properties": {"id": 1098, "name": "Offshore Wind LT 2", "commissioningYear": "2030", "statusName": "Planned But Not Yet Permitting", "typeOfElement": 6, "pciCorridor": 0, "isCrossBorder": false, "kind": "transmission", "countries": "LT", "tsos": "", "year": 2030, "source": "sourced:ENTSO-E TYNDP 2026 project collection (tyndp2026.entsoe.eu), accessed 2026-08-21; draft/preliminary portfolio", "voltage_kv": 330.0, "technology": "AC", "attrs_source": "sourced:ENTSO-E TYNDP 2024 final plan detail (id match)"}, "geometry": {"type": "Point", "coordinates": [21.254178, 56.081837]}}, {"type": "Feature", "properties": {"id": 1100, "name": "Reinforcement of the existing CZ-DE interconnector (Hradec - R\u00f6hrsdorf) on the CZ side", "commissioningYear": "2028", "statusName": "In Permitting", "typeOfElement": 1, "pciCorridor": 1, "isCrossBorder": true, "kind": "transmission", "countries": "CZ;DE", "tsos": "", "year": 2028, "source": "sourced:ENTSO-E TYNDP 2026 project collection (tyndp2026.entsoe.eu), accessed 2026-08-21; draft/preliminary portfolio", "voltage_kv": 400.0, "technology": "AC", "route_km": 81.5, "attrs_source": "sourced:ENTSO-E TYNDP 2024 final plan detail (id match)"}, "geometry": {"type": "LineString", "coordinates": [[13.328407, 50.344891], [13.328133, 50.339895], [13.319481, 50.337967], [13.305061, 50.342262], [13.302864, 50.350762], [13.299706, 50.35672], [13.282127, 50.358473], [13.266472, 50.366357], [13.242989, 50.372664], [13.230217, 50.372971], [13.222115, 50.374897], [13.218681, 50.37735], [13.220329, 50.386895], [13.214149, 50.394687], [13.205498, 50.394687], [13.195473, 50.403704], [13.192451, 50.406942], [13.192863, 50.413331], [13.205292, 50.418472], [13.219574, 50.425034], [13.22438, 50.425822], [13.227676, 50.428359], [13.227539, 50.432558], [13.220261, 50.443141], [13.217926, 50.454597], [13.227814, 50.472583], [13.242096, 50.486216], [13.250885, 50.493555], [13.250885, 50.500893], [13.239899, 50.512597], [13.226097, 50.51884], [13.209343, 50.526349]]}}, {"type": "Feature", "properties": {"id": 1102, "name": "Mettlen - Ulrichen", "commissioningYear": "2038", "statusName": "In Permitting", "typeOfElement": 1, "pciCorridor": 2, "isCrossBorder": false, "kind": "transmission", "countries": "CH", "tsos": "", "year": 2038, "source": "sourced:ENTSO-E TYNDP 2026 project collection (tyndp2026.entsoe.eu), accessed 2026-08-21; draft/preliminary portfolio", "voltage_kv": 220.0, "technology": "AC", "route_km": 1.0, "attrs_source": "sourced:ENTSO-E TYNDP 2024 final plan detail (id match)"}, "geometry": {"type": "LineString", "coordinates": [[8.294678, 47.152369], [8.085938, 47.025206], [8.127136, 46.852678], [8.066711, 46.719152], [8.201294, 46.679594], [8.322144, 46.519186]]}}, {"type": "Feature", "properties": {"id": 1103, "name": "Bickigen - Chippis", "commissioningYear": "2031", "statusName": "In Permitting", "typeOfElement": 1, "pciCorridor": 2, "isCrossBorder": false, "kind": "transmission", "countries": "CH", "tsos": "", "year": 2031, "source": "sourced:ENTSO-E TYNDP 2026 project collection (tyndp2026.entsoe.eu), accessed 2026-08-21; draft/preliminary portfolio", "voltage_kv": 380.0, "technology": "AC", "route_km": 1.0, "attrs_source": "sourced:ENTSO-E TYNDP 2024 final plan detail (id match)"}, "geometry": {"type": "LineString", "coordinates": [[7.640991, 47.085085], [7.509155, 46.773731], [7.624512, 46.675826], [7.553101, 46.31279]]}}, {"type": "Feature", "properties": {"id": 1104, "name": "Bauler - Roost", "commissioningYear": "2027", "statusName": "Planned But Not Yet Permitting", "typeOfElement": 1, "pciCorridor": 2, "isCrossBorder": true, "kind": "transmission", "countries": "DE;LU", "tsos": "", "year": 2027, "source": "sourced:ENTSO-E TYNDP 2026 project collection (tyndp2026.entsoe.eu), accessed 2026-08-21; draft/preliminary portfolio", "voltage_kv": 220.0, "technology": "AC", "route_km": 48.1, "attrs_source": "sourced:ENTSO-E TYNDP 2024 final plan detail (id match)"}, "geometry": {"type": "LineString", "coordinates": [[6.255473, 49.990191], [6.169955, 49.884526]]}}, {"type": "Feature", "properties": {"id": 1105, "name": "Georgia-Romania Black Sea (submarine) interconnection cable project", "commissioningYear": "2031", "statusName": "Under Consideration", "typeOfElement": 5, "pciCorridor": 1, "isCrossBorder": true, "kind": "transmission", "countries": "GE;RO", "tsos": "", "year": 2031, "source": "sourced:ENTSO-E TYNDP 2026 project collection (tyndp2026.entsoe.eu), accessed 2026-08-21; draft/preliminary portfolio", "voltage_kv": 500.0, "technology": "DC", "route_km": 1155.0, "attrs_source": "sourced:ENTSO-E TYNDP 2024 final plan detail (id match)"}, "geometry": {"type": "LineString", "coordinates": [[28.54248, 44.00862], [41.572266, 42.504503]]}}, {"type": "Feature", "properties": {"id": 1106, "name": "Bornholm Energy Island (BEI)", "commissioningYear": "2033", "statusName": "Planned But Not Yet Permitting", "typeOfElement": 5, "pciCorridor": 0, "isCrossBorder": true, "kind": "transmission", "countries": "DE;DK", "tsos": "", "year": 2033, "source": "sourced:ENTSO-E TYNDP 2026 project collection (tyndp2026.entsoe.eu), accessed 2026-08-21; draft/preliminary portfolio", "voltage_kv": 525.0, "technology": "DC", "route_km": 422.0, "attrs_source": "sourced:ENTSO-E TYNDP 2024 final plan detail (id match)"}, "geometry": {"type": "LineString", "coordinates": [[14.771118, 55.112943], [13.623047, 54.094839]]}}, {"type": "Feature", "properties": {"id": 1109, "name": "Basilicata - Campania reinforcements", "commissioningYear": "2040", "statusName": "Planned But Not Yet Permitting", "typeOfElement": 1, "pciCorridor": 2, "isCrossBorder": false, "kind": "transmission", "countries": "IT", "tsos": "", "year": 2040, "source": "sourced:ENTSO-E TYNDP 2026 project collection (tyndp2026.entsoe.eu), accessed 2026-08-21; draft/preliminary portfolio", "voltage_kv": 400.0, "technology": "AC", "route_km": 158.0, "attrs_source": "sourced:ENTSO-E TYNDP 2024 final plan detail (id match)"}, "geometry": {"type": "LineString", "coordinates": [[14.468994, 41.26955], [14.80957, 40.95916], [15.045776, 41.029643], [14.853516, 41.236511], [14.47998, 41.261291]]}}, {"type": "Feature", "properties": {"id": 1110, "name": "Sicily - Calabria", "commissioningYear": "2027", "statusName": "In Permitting", "typeOfElement": 1, "pciCorridor": 2, "isCrossBorder": false, "kind": "transmission", "countries": "IT", "tsos": "", "year": 2027, "source": "sourced:ENTSO-E TYNDP 2026 project collection (tyndp2026.entsoe.eu), accessed 2026-08-21; draft/preliminary portfolio", "voltage_kv": 400.0, "technology": "AC", "route_km": 9.0, "attrs_source": "sourced:ENTSO-E TYNDP 2024 final plan detail (id match)"}, "geometry": {"type": "MultiPolygon", "coordinates": [[[[15.549774, 38.164795], [15.549774, 38.307181], [15.729675, 38.307181], [15.729675, 38.164795], [15.549774, 38.164795]]]]}}, {"type": "Feature", "properties": {"id": 1112, "name": "GRITA 2", "commissioningYear": "2033", "statusName": "Planned But Not Yet Permitting", "typeOfElement": 5, "pciCorridor": 1, "isCrossBorder": true, "kind": "transmission", "countries": "GR;IT", "tsos": "", "year": 2033, "source": "sourced:ENTSO-E TYNDP 2026 project collection (tyndp2026.entsoe.eu), accessed 2026-08-21; draft/preliminary portfolio", "voltage_kv": 400.0, "technology": "DC", "route_km": 275.0, "attrs_source": "sourced:ENTSO-E TYNDP 2024 final plan detail (id match)"}, "geometry": {"type": "LineString", "coordinates": [[18.182373, 39.97199], [19.467773, 39.685129], [19.973145, 39.32487], [20.176392, 39.333368], [20.187378, 39.452233], [20.396118, 39.431022]]}}, {"type": "Feature", "properties": {"id": 1121, "name": "220-kV Hessenberg (AT) - Wei\u00dfenbach (AT)", "commissioningYear": "2031", "statusName": "Planned But Not Yet Permitting", "typeOfElement": 1, "pciCorridor": 1, "isCrossBorder": false, "kind": "transmission", "countries": "AT", "tsos": "", "year": 2031, "source": "sourced:ENTSO-E TYNDP 2026 project collection (tyndp2026.entsoe.eu), accessed 2026-08-21; draft/preliminary portfolio", "voltage_kv": 220.0, "technology": "AC", "route_km": 71.0, "attrs_source": "sourced:ENTSO-E TYNDP 2024 final plan detail (id match)"}, "geometry": {"type": "LineString", "coordinates": [[14.17099, 47.560209], [14.540405, 47.469312], [14.794464, 47.323363]]}}, {"type": "Feature", "properties": {"id": 1122, "name": "Offshore Wind connection Centre Manche 1", "commissioningYear": "2032", "statusName": "In Permitting", "typeOfElement": 7, "pciCorridor": 3, "isCrossBorder": false, "kind": "transmission", "countries": "FR", "tsos": "", "year": 2032, "source": "sourced:ENTSO-E TYNDP 2026 project collection (tyndp2026.entsoe.eu), accessed 2026-08-21; draft/preliminary portfolio", "voltage_kv": 320.0, "technology": "DC", "route_km": 100.0, "attrs_source": "sourced:ENTSO-E TYNDP 2024 final plan detail (id match)"}, "geometry": {"type": "MultiPolygon", "coordinates": [[[[-1.530762, 49.483591], [-1.472168, 49.371643], [-0.695801, 49.794268], [-0.79834, 49.921757], [-1.530762, 49.483591]]]]}}, {"type": "Feature", "properties": {"id": 1123, "name": "Offshore Wind connection Centre Manche 2", "commissioningYear": "2033", "statusName": "In Permitting", "typeOfElement": 7, "pciCorridor": 3, "isCrossBorder": false, "kind": "transmission", "countries": "FR", "tsos": "", "year": 2033, "source": "sourced:ENTSO-E TYNDP 2026 project collection (tyndp2026.entsoe.eu), accessed 2026-08-21; draft/preliminary portfolio", "voltage_kv": 320.0, "technology": "DC", "route_km": 100.0, "attrs_source": "sourced:ENTSO-E TYNDP 2024 final plan detail (id match)"}, "geometry": {"type": "MultiPolygon", "coordinates": [[[[-0.373535, 49.05227], [0.164795, 49.085859], [-0.516357, 49.871037], [-0.787353, 49.807268], [-0.373535, 49.05227]]]]}}, {"type": "Feature", "properties": {"id": 1124, "name": "Offshore Wind Connection South Brittany", "commissioningYear": "2032", "statusName": "In Permitting", "typeOfElement": 4, "pciCorridor": 2, "isCrossBorder": false, "kind": "transmission", "countries": "FR", "tsos": "", "year": 2032, "source": "sourced:ENTSO-E TYNDP 2026 project collection (tyndp2026.entsoe.eu), accessed 2026-08-21; draft/preliminary portfolio", "voltage_kv": 225.0, "technology": "AC", "route_km": 80.0, "attrs_source": "sourced:ENTSO-E TYNDP 2024 final plan detail (id match)"}, "geometry": {"type": "MultiPolygon", "coordinates": [[[[-2.949829, 47.763945], [-3.634643, 47.032695], [-4.198608, 47.065133], [-4.151, 47.502359], [-3.762817, 47.980117], [-2.949829, 47.763945]]]]}}, {"type": "Feature", "properties": {"id": 1125, "name": "Offshore Wind Connection Occitanie (Narbonnaise)", "commissioningYear": "2032", "statusName": "Planned But Not Yet Permitting", "typeOfElement": 4, "pciCorridor": 2, "isCrossBorder": false, "kind": "transmission", "countries": "FR", "tsos": "", "year": 2032, "source": "sourced:ENTSO-E TYNDP 2026 project collection (tyndp2026.entsoe.eu), accessed 2026-08-21; draft/preliminary portfolio", "voltage_kv": 225.0, "technology": "AC", "route_km": 60.0, "attrs_source": "sourced:ENTSO-E TYNDP 2024 final plan detail (id match)"}, "geometry": {"type": "MultiPolygon", "coordinates": [[[[2.698975, 42.792714], [3.651123, 42.62857], [3.999023, 42.674359], [4.160156, 43.047482], [4.094239, 43.071563], [3.676758, 43.319849], [2.55249, 43.482155], [2.698975, 42.792714]]]]}}, {"type": "Feature", "properties": {"id": 1126, "name": "Offshore Wind Connection PACA (Golfe de Fos)", "commissioningYear": "2032", "statusName": "Planned But Not Yet Permitting", "typeOfElement": 4, "pciCorridor": 2, "isCrossBorder": false, "kind": "transmission", "countries": "FR", "tsos": "", "year": 2032, "source": "sourced:ENTSO-E TYNDP 2026 project collection (tyndp2026.entsoe.eu), accessed 2026-08-21; draft/preliminary portfolio", "voltage_kv": 225.0, "technology": "AC", "route_km": 60.0, "attrs_source": "sourced:ENTSO-E TYNDP 2024 final plan detail (id match)"}, "geometry": {"type": "MultiPolygon", "coordinates": [[[[5.143433, 43.347818], [4.927368, 43.592328], [4.275513, 43.291867], [4.290161, 43.121034], [4.528198, 43.075576], [5.143433, 43.347818]]]]}}, {"type": "Feature", "properties": {"id": 1127, "name": "Offshore Wind Connection South Atlantic Ol\u00e9ron 1", "commissioningYear": "2033", "statusName": "Planned But Not Yet Permitting", "typeOfElement": 7, "pciCorridor": 2, "isCrossBorder": false, "kind": "transmission", "countries": "FR", "tsos": "", "year": 2033, "source": "sourced:ENTSO-E TYNDP 2026 project collection (tyndp2026.entsoe.eu), accessed 2026-08-21; draft/preliminary portfolio", "voltage_kv": 320.0, "technology": "DC", "route_km": 140.0, "attrs_source": "sourced:ENTSO-E TYNDP 2024 final plan detail (id match)"}, "geometry": {"type": "MultiPolygon", "coordinates": [[[[-0.413818, 46.192507], [-1.182861, 46.217852], [-1.289062, 46.111326], [-1.61499, 46.129094], [-1.94458, 45.882361], [-1.951904, 45.764968], [-1.442871, 45.549961], [-1.226807, 45.616599], [-0.476074, 45.5756], [-0.465088, 45.729191], [-0.413818, 46.192507]]]]}}, {"type": "Feature", "properties": {"id": 1134, "name": "GiLA", "commissioningYear": "2034", "statusName": "Under Consideration", "typeOfElement": 2, "pciCorridor": null, "isCrossBorder": false, "kind": "transmission", "countries": "FR", "tsos": "", "year": 2034, "source": "sourced:ENTSO-E TYNDP 2026 project collection (tyndp2026.entsoe.eu), accessed 2026-08-21; draft/preliminary portfolio", "voltage_kv": 320.0, "technology": "DC", "route_km": 401.0, "attrs_source": "sourced:ENTSO-E TYNDP 2024 final plan detail (id match)"}, "geometry": {"type": "LineString", "coordinates": [[-2.15332, 47.471038], [-2.977295, 46.888589], [-2.966309, 46.10966], [-2.406006, 45.481559], [-1.724854, 44.900876], [-0.571289, 44.666944]]}}, {"type": "Feature", "properties": {"id": 1138, "name": "400 kV OHL Suceava (RO) - Balti (MD)", "commissioningYear": "2030", "statusName": "Planned But Not Yet Permitting", "typeOfElement": 1, "pciCorridor": null, "isCrossBorder": true, "kind": "transmission", "countries": "MD;RO", "tsos": "", "year": 2030, "source": "sourced:ENTSO-E TYNDP 2026 project collection (tyndp2026.entsoe.eu), accessed 2026-08-21; draft/preliminary portfolio", "voltage_kv": 400.0, "technology": "AC", "route_km": 406.8, "attrs_source": "sourced:ENTSO-E TYNDP 2024 final plan detail (id match)"}, "geometry": {"type": "MultiPolygon", "coordinates": [[[[27.866821, 47.729683], [27.866821, 47.770311], [27.921753, 47.770311], [27.921753, 47.729683], [27.866821, 47.729683]]]]}}, {"type": "Feature", "properties": {"id": 1139, "name": "380-kV Westtirol (AT)  \u2013 Zell/Ziller (AT)", "commissioningYear": "2040", "statusName": "Under Consideration", "typeOfElement": 1, "pciCorridor": null, "isCrossBorder": false, "kind": "transmission", "countries": "AT", "tsos": "", "year": 2040, "source": "sourced:ENTSO-E TYNDP 2026 project collection (tyndp2026.entsoe.eu), accessed 2026-08-21; draft/preliminary portfolio", "voltage_kv": 380.0, "technology": "AC", "route_km": 125.0, "attrs_source": "sourced:ENTSO-E TYNDP 2024 final plan detail (id match)"}, "geometry": {"type": "LineString", "coordinates": [[11.903686, 47.24379], [11.808805, 47.275987], [11.841264, 47.355548], [11.730152, 47.357239], [11.6515, 47.254807], [11.454246, 47.192912], [11.235768, 47.213269], [11.023532, 47.265821], [10.976091, 47.284456]]}}, {"type": "Feature", "properties": {"id": 1140, "name": "380-kV St. Peter (AT) - D\u00fcrnrohr (AT)", "commissioningYear": "2039", "statusName": "Under Consideration", "typeOfElement": 1, "pciCorridor": null, "isCrossBorder": false, "kind": "transmission", "countries": "AT", "tsos": "", "year": 2039, "source": "sourced:ENTSO-E TYNDP 2026 project collection (tyndp2026.entsoe.eu), accessed 2026-08-21; draft/preliminary portfolio", "voltage_kv": 380.0, "technology": "AC", "route_km": 276.0, "attrs_source": "sourced:ENTSO-E TYNDP 2024 final plan detail (id match)"}, "geometry": {"type": "LineString", "coordinates": [[15.702958, 48.298051], [13.091208, 48.248195]]}}, {"type": "Feature", "properties": {"id": 1145, "name": "380-kV Obersielach (AT) - Hessenberg (AT)", "commissioningYear": "2039", "statusName": "Under Consideration", "typeOfElement": 1, "pciCorridor": null, "isCrossBorder": false, "kind": "transmission", "countries": "AT", "tsos": "", "year": 2039, "source": "sourced:ENTSO-E TYNDP 2026 project collection (tyndp2026.entsoe.eu), accessed 2026-08-21; draft/preliminary portfolio", "voltage_kv": 380.0, "technology": "AC", "route_km": 119.0, "attrs_source": "sourced:ENTSO-E TYNDP 2024 final plan detail (id match)"}, "geometry": {"type": "LineString", "coordinates": [[14.787683, 47.331959], [14.58169, 46.950848], [14.58169, 46.69714], [14.491053, 46.629282], [14.532251, 46.561339]]}}, {"type": "Feature", "properties": {"id": 1153, "name": "PST romands", "commissioningYear": "2033", "statusName": "Planned But Not Yet Permitting", "typeOfElement": 8, "pciCorridor": null, "isCrossBorder": false, "kind": "transmission", "countries": "CH", "tsos": "", "year": 2033, "source": "sourced:ENTSO-E TYNDP 2026 project collection (tyndp2026.entsoe.eu), accessed 2026-08-21; draft/preliminary portfolio", "voltage_kv": 380.0, "technology": "AC", "route_km": 6.0, "attrs_source": "sourced:ENTSO-E TYNDP 2024 final plan detail (id match)"}, "geometry": {"type": "MultiPolygon", "coordinates": [[[[6.021881, 46.191477], [6.020164, 46.187674], [6.026344, 46.186724], [6.032181, 46.190289], [6.021881, 46.191477]]]]}}, {"type": "Feature", "properties": {"id": 1155, "name": "380-kV Burgenland North (AT) - Sarasdorf (AT) - Greater Vienna (AT)", "commissioningYear": "2033", "statusName": "Planned But Not Yet Permitting", "typeOfElement": 1, "pciCorridor": null, "isCrossBorder": false, "kind": "transmission", "countries": "AT", "tsos": "", "year": 2033, "source": "sourced:ENTSO-E TYNDP 2026 project collection (tyndp2026.entsoe.eu), accessed 2026-08-21; draft/preliminary portfolio", "voltage_kv": 380.0, "technology": "AC", "route_km": 62.0, "attrs_source": "sourced:ENTSO-E TYNDP 2024 final plan detail (id match)"}, "geometry": {"type": "LineString", "coordinates": [[16.889482, 48.105483], [16.353899, 48.088807]]}}, {"type": "Feature", "properties": {"id": 1156, "name": "380-kV Greater Vienna (AT) - Hessenberg (AT)", "commissioningYear": "2038", "statusName": "Under Consideration", "typeOfElement": 1, "pciCorridor": null, "isCrossBorder": false, "kind": "transmission", "countries": "AT", "tsos": "", "year": 2038, "source": "sourced:ENTSO-E TYNDP 2026 project collection (tyndp2026.entsoe.eu), accessed 2026-08-21; draft/preliminary portfolio", "voltage_kv": 380.0, "technology": "AC", "route_km": 176.0, "attrs_source": "sourced:ENTSO-E TYNDP 2024 final plan detail (id match)"}, "geometry": {"type": "LineString", "coordinates": [[16.359891, 48.015102], [14.791842, 47.320667]]}}, {"type": "Feature", "properties": {"id": 1157, "name": "HG North Tyrrhenian Corridor", "commissioningYear": "2033/2034", "statusName": "Planned But Not Yet Permitting", "typeOfElement": 2, "pciCorridor": null, "isCrossBorder": false, "kind": "transmission", "countries": "IT", "tsos": "", "year": null, "source": "sourced:ENTSO-E TYNDP 2026 project collection (tyndp2026.entsoe.eu), accessed 2026-08-21; draft/preliminary portfolio", "voltage_kv": 500.0, "technology": "DC", "route_km": 440.0, "attrs_source": "sourced:ENTSO-E TYNDP 2024 final plan detail (id match)"}, "geometry": {"type": "MultiPolygon", "coordinates": [[[[12.278322, 42.173174], [11.610352, 41.872832], [10.538087, 42.316315], [9.940431, 42.808298], [9.711915, 43.398661], [9.606447, 44.0718], [9.764649, 44.587337], [9.536134, 45.22229], [9.325196, 45.53098], [9.729494, 45.580214], [10.151368, 45.048688], [10.344728, 44.724881], [10.081056, 43.983329], [10.098634, 43.487999], [10.239259, 42.988576], [10.907227, 42.394253], [11.715822, 42.251291], [12.278322, 42.173174]]]]}}, {"type": "Feature", "properties": {"id": 1158, "name": "380-kV Bisamberg (AT) \u2013 Gaweinstal (AT) \u2013 Zaya (AT)", "commissioningYear": "2035", "statusName": "Under Consideration", "typeOfElement": 1, "pciCorridor": null, "isCrossBorder": false, "kind": "transmission", "countries": "AT", "tsos": "", "year": 2035, "source": "sourced:ENTSO-E TYNDP 2026 project collection (tyndp2026.entsoe.eu), accessed 2026-08-21; draft/preliminary portfolio", "voltage_kv": 380.0, "technology": "AC", "route_km": 48.0, "attrs_source": "sourced:ENTSO-E TYNDP 2024 final plan detail (id match)"}, "geometry": {"type": "LineString", "coordinates": [[16.401714, 48.32245], [16.570254, 48.470829], [16.752527, 48.600615]]}}, {"type": "Feature", "properties": {"id": 1159, "name": "220-kV Bisamberg (AT) \u2013 Wien S\u00fcdost (AT)", "commissioningYear": "2027", "statusName": "Planned But Not Yet Permitting", "typeOfElement": 1, "pciCorridor": null, "isCrossBorder": false, "kind": "transmission", "countries": "AT", "tsos": "", "year": 2027, "source": "sourced:ENTSO-E TYNDP 2026 project collection (tyndp2026.entsoe.eu), accessed 2026-08-21; draft/preliminary portfolio", "voltage_kv": 220.0, "technology": "AC", "route_km": 38.0, "attrs_source": "sourced:ENTSO-E TYNDP 2024 final plan detail (id match)"}, "geometry": {"type": "LineString", "coordinates": [[16.401183, 48.32252], [16.532926, 48.286339], [16.517944, 48.24415], [16.565385, 48.221697], [16.482988, 48.16677], [16.420191, 48.147201], [16.4279, 48.12558]]}}, {"type": "Feature", "properties": {"id": 1160, "name": "PST Riddes", "commissioningYear": "2029", "statusName": "Under Construction", "typeOfElement": 8, "pciCorridor": null, "isCrossBorder": false, "kind": "transmission", "countries": "CH", "tsos": "", "year": 2029, "source": "sourced:ENTSO-E TYNDP 2026 project collection (tyndp2026.entsoe.eu), accessed 2026-08-21; draft/preliminary portfolio"}, "geometry": {"type": "MultiPolygon", "coordinates": [[[[7.155533, 46.20431], [7.162743, 46.197419], [7.170639, 46.200508], [7.168922, 46.207874], [7.157936, 46.207161], [7.155533, 46.20431]]]]}}, {"type": "Feature", "properties": {"id": 1161, "name": "Offshore Wind Connection South Atlantic Ol\u00e9ron 2", "commissioningYear": "2035", "statusName": "Under Consideration", "typeOfElement": 7, "pciCorridor": null, "isCrossBorder": false, "kind": "transmission", "countries": "FR", "tsos": "", "year": 2035, "source": "sourced:ENTSO-E TYNDP 2026 project collection (tyndp2026.entsoe.eu), accessed 2026-08-21; draft/preliminary portfolio", "voltage_kv": 320.0, "technology": "DC", "route_km": 20.0, "attrs_source": "sourced:ENTSO-E TYNDP 2024 final plan detail (id match)"}, "geometry": {"type": "MultiPolygon", "coordinates": [[[[-2.70813, 46.073231], [-3.592529, 45.893831], [-3.202515, 45.502497], [-2.515869, 45.621722], [-2.351074, 45.683158], [-2.510376, 45.9053], [-2.70813, 46.073231]]]]}}, {"type": "Feature", "properties": {"id": 1162, "name": "Offshore Wind Connection F\u00e9camp-Grand Large 1", "commissioningYear": "2035", "statusName": "Under Consideration", "typeOfElement": 7, "pciCorridor": null, "isCrossBorder": false, "kind": "transmission", "countries": "FR", "tsos": "", "year": 2035, "source": "sourced:ENTSO-E TYNDP 2026 project collection (tyndp2026.entsoe.eu), accessed 2026-08-21; draft/preliminary portfolio", "voltage_kv": 525.0, "technology": "DC", "attrs_source": "sourced:ENTSO-E TYNDP 2024 final plan detail (id match)"}, "geometry": {"type": "MultiPolygon", "coordinates": [[[[0.294633, 49.413938], [-0.115356, 49.664072], [-0.395508, 50.011269], [-0.076904, 50.1241], [0.236206, 50.226124], [0.395508, 50.078295], [0.20874, 49.866317], [0.291138, 49.649848], [0.6427, 49.557289], [0.454434, 49.400941], [0.294633, 49.413938]]]]}}, {"type": "Feature", "properties": {"id": 1163, "name": "Offshore Wind Connection F\u00e9camp-Grand Large 2", "commissioningYear": "2037", "statusName": "Under Consideration", "typeOfElement": 7, "pciCorridor": null, "isCrossBorder": false, "kind": "transmission", "countries": "FR", "tsos": "", "year": 2037, "source": "sourced:ENTSO-E TYNDP 2026 project collection (tyndp2026.entsoe.eu), accessed 2026-08-21; draft/preliminary portfolio", "voltage_kv": 525.0, "technology": "DC", "attrs_source": "sourced:ENTSO-E TYNDP 2024 final plan detail (id match)"}, "geometry": {"type": "MultiPolygon", "coordinates": [[[[0.280151, 49.40025], [0.093384, 49.4467], [0.082397, 49.617828], [-0.258179, 49.767074], [-0.401001, 49.972422], [-0.005493, 50.099441], [0.346069, 50.222609], [0.32959, 50.021858], [0.137329, 49.933544], [0.098877, 49.813176], [0.236206, 49.642734], [0.455933, 49.649848], [0.6427, 49.532339], [0.280151, 49.40025]]]]}}, {"type": "Feature", "properties": {"id": 1164, "name": "Offshore Wind Connection Golfe du Lion Centre", "commissioningYear": "2037", "statusName": "Under Consideration", "typeOfElement": 7, "pciCorridor": null, "isCrossBorder": false, "kind": "transmission", "countries": "FR", "tsos": "", "year": 2037, "source": "sourced:ENTSO-E TYNDP 2026 project collection (tyndp2026.entsoe.eu), accessed 2026-08-21; draft/preliminary portfolio", "voltage_kv": 525.0, "technology": "DC", "attrs_source": "sourced:ENTSO-E TYNDP 2024 final plan detail (id match)"}, "geometry": {"type": "MultiPolygon", "coordinates": [[[[3.88916, 43.822638], [5.152588, 43.544567], [5.020752, 43.125043], [4.943848, 42.956423], [4.828491, 42.835696], [4.564819, 42.702623], [4.185791, 42.5814], [3.894653, 42.650122], [3.032227, 42.787339], [2.356567, 43.132184], [2.367554, 43.320307], [3.88916, 43.822638]]]]}}, {"type": "Feature", "properties": {"id": 1165, "name": "Offshore Wind Connection Golfe de Gascogne Sud", "commissioningYear": "2037", "statusName": "Under Consideration", "typeOfElement": 7, "pciCorridor": null, "isCrossBorder": false, "kind": "transmission", "countries": "FR", "tsos": "", "year": 2037, "source": "sourced:ENTSO-E TYNDP 2026 project collection (tyndp2026.entsoe.eu), accessed 2026-08-21; draft/preliminary portfolio", "voltage_kv": 320.0, "technology": "DC", "route_km": 20.0, "attrs_source": "sourced:ENTSO-E TYNDP 2024 final plan detail (id match)"}, "geometry": {"type": "MultiPolygon", "coordinates": [[[[-3.548584, 46.320378], [-3.004761, 46.452997], [-2.510376, 45.943511], [-3.043213, 45.805829], [-3.213501, 45.756026], [-3.658447, 46.24825], [-3.548584, 46.320378]]]]}}, {"type": "Feature", "properties": {"id": 1166, "name": "HG Adriatic Corridor", "commissioningYear": "2033", "statusName": "Planned But Not Yet Permitting", "typeOfElement": 2, "pciCorridor": null, "isCrossBorder": false, "kind": "transmission", "countries": "IT", "tsos": "", "year": 2033, "source": "sourced:ENTSO-E TYNDP 2026 project collection (tyndp2026.entsoe.eu), accessed 2026-08-21; draft/preliminary portfolio", "voltage_kv": 500.0, "technology": "DC", "route_km": 500.0, "attrs_source": "sourced:ENTSO-E TYNDP 2024 final plan detail (id match)"}, "geometry": {"type": "MultiPolygon", "coordinates": [[[[15.75, 41.626941], [15.996093, 41.954588], [14.818359, 42.189457], [14.185547, 42.591915], [13.921875, 43.248404], [13.58789, 43.885225], [12.638671, 44.352136], [12.533203, 44.890126], [11.689454, 44.877672], [11.882813, 44.352136], [12.269531, 43.796475], [13.025391, 43.107399], [13.60547, 42.798625], [13.957032, 42.384517], [14.625, 41.849923], [15.433594, 41.534899], [15.75, 41.626941]]]]}}, {"type": "Feature", "properties": {"id": 1167, "name": "HG Central link", "commissioningYear": "2031", "statusName": "Planned But Not Yet Permitting", "typeOfElement": 1, "pciCorridor": null, "isCrossBorder": false, "kind": "transmission", "countries": "IT", "tsos": "", "year": 2031, "source": "sourced:ENTSO-E TYNDP 2026 project collection (tyndp2026.entsoe.eu), accessed 2026-08-21; draft/preliminary portfolio", "voltage_kv": 220.0, "technology": "AC", "route_km": 150.0, "attrs_source": "sourced:ENTSO-E TYNDP 2024 final plan detail (id match)"}, "geometry": {"type": "MultiPolygon", "coordinates": [[[[12.590332, 43.161917], [12.133301, 43.225993], [11.412598, 43.596306], [10.73584, 43.995976], [10.73584, 44.260937], [11.184082, 44.292401], [11.816895, 43.80599], [12.265137, 43.609035], [12.590332, 43.161917]]]]}}, {"type": "Feature", "properties": {"id": 1168, "name": "HG Ionian-Tyrrhenian Corridor", "commissioningYear": "2040", "statusName": "Planned But Not Yet Permitting", "typeOfElement": 2, "pciCorridor": null, "isCrossBorder": false, "kind": "transmission", "countries": "IT", "tsos": "", "year": 2040, "source": "sourced:ENTSO-E TYNDP 2026 project collection (tyndp2026.entsoe.eu), accessed 2026-08-21; draft/preliminary portfolio", "voltage_kv": 500.0, "technology": "DC", "route_km": 770.0, "attrs_source": "sourced:ENTSO-E TYNDP 2024 final plan detail (id match)"}, "geometry": {"type": "MultiPolygon", "coordinates": [[[[16.979371, 39.525229], [16.408081, 39.601456], [16.210328, 39.922376], [16.243286, 40.367473], [15.265503, 40.543026], [14.957886, 40.5931], [14.046021, 40.501269], [13.002319, 40.909361], [12.650757, 41.00063], [12.167358, 41.389173], [12.046509, 41.86547], [12.200317, 42.053372], [11.80481, 41.922716], [11.782837, 41.306698], [12.079468, 40.842905], [13.035278, 40.409313], [14.353638, 40.233412], [15.430298, 40.392581], [15.650024, 40.233412], [15.836792, 39.922376], [16.210328, 39.559118], [16.550903, 39.338546], [17.089234, 39.287546], [16.979371, 39.525229]]]]}}, {"type": "Feature", "properties": {"id": 1169, "name": "SAPEI 2", "commissioningYear": "2040", "statusName": "Planned But Not Yet Permitting", "typeOfElement": 5, "pciCorridor": null, "isCrossBorder": false, "kind": "transmission", "countries": "IT", "tsos": "", "year": 2040, "source": "sourced:ENTSO-E TYNDP 2026 project collection (tyndp2026.entsoe.eu), accessed 2026-08-21; draft/preliminary portfolio", "voltage_kv": 500.0, "technology": "DC", "route_km": 500.0, "attrs_source": "sourced:ENTSO-E TYNDP 2024 final plan detail (id match)"}, "geometry": {"type": "MultiPolygon", "coordinates": [[[[8.863769, 39.296898], [8.811036, 40.256054], [8.828614, 40.883617], [9.092284, 41.201803], [9.514159, 41.307523], [11.008301, 41.228249], [12.326661, 41.610514], [12.643068, 41.938245], [12.1333, 42.042766], [11.324708, 41.663063], [10.498536, 41.505287], [9.531739, 41.531609], [9.127441, 41.373511], [8.424316, 41.281109], [8.283691, 40.870326], [8.617675, 39.514211], [8.863769, 39.296898]]]]}}, {"type": "Feature", "properties": {"id": 1171, "name": "Interconnection IT-CH", "commissioningYear": "2042", "statusName": "Under Consideration", "typeOfElement": 1, "pciCorridor": null, "isCrossBorder": true, "kind": "transmission", "countries": "CH;IT", "tsos": "", "year": 2042, "source": "sourced:ENTSO-E TYNDP 2026 project collection (tyndp2026.entsoe.eu), accessed 2026-08-21; draft/preliminary portfolio", "voltage_kv": 400.0, "technology": "AC", "route_km": 80.0, "attrs_source": "sourced:ENTSO-E TYNDP 2024 final plan detail (id match)"}, "geometry": {"type": "MultiPolygon", "coordinates": [[[[9.637756, 46.033202], [9.742127, 46.139879], [9.681702, 46.269139], [9.654236, 46.363988], [9.489441, 46.522965], [9.236755, 46.606054], [8.835754, 46.507845], [8.769836, 46.299508], [9.137878, 46.124652], [9.357605, 46.040829], [9.505921, 46.006501], [9.637756, 46.033202]]]]}}, {"type": "Feature", "properties": {"id": 1182, "name": "EHV S/S Thesprotias and its connection to the 400 kV System", "commissioningYear": "2031", "statusName": "Planned But Not Yet Permitting", "typeOfElement": 6, "pciCorridor": null, "isCrossBorder": false, "kind": "transmission", "countries": "GR", "tsos": "", "year": 2031, "source": "sourced:ENTSO-E TYNDP 2026 project collection (tyndp2026.entsoe.eu), accessed 2026-08-21; draft/preliminary portfolio", "voltage_kv": 400.0, "technology": "AC", "route_km": 65.0, "attrs_source": "sourced:ENTSO-E TYNDP 2024 final plan detail (id match)"}, "geometry": {"type": "Point", "coordinates": [20.376892, 39.442557]}}, {"type": "Feature", "properties": {"id": 1183, "name": "New interconnection line 400 kV Greece - Albania", "commissioningYear": "2031", "statusName": "Planned But Not Yet Permitting", "typeOfElement": 1, "pciCorridor": null, "isCrossBorder": true, "kind": "transmission", "countries": "AL;GR", "tsos": "", "year": 2031, "source": "sourced:ENTSO-E TYNDP 2026 project collection (tyndp2026.entsoe.eu), accessed 2026-08-21; draft/preliminary portfolio", "voltage_kv": 400.0, "technology": "AC", "route_km": 170.0, "attrs_source": "sourced:ENTSO-E TYNDP 2024 final plan detail (id match)"}, "geometry": {"type": "LineString", "coordinates": [[20.387707, 39.442689], [20.410709, 39.447859], [20.437317, 39.493444], [20.526581, 39.595107], [20.534821, 39.636365], [20.527954, 39.68711], [20.526581, 39.743098], [20.512848, 39.851775], [20.465469, 39.868642], [20.445213, 39.879971], [20.409851, 39.897094], [20.377235, 39.912896], [20.146179, 40.094882], [20.041809, 40.222927], [19.780884, 40.555548], [19.550171, 40.709792]]}}, {"type": "Feature", "properties": {"id": 1185, "name": "Powering Up Offshore South Coast project", "commissioningYear": "2033", "statusName": "Planned But Not Yet Permitting", "typeOfElement": 7, "pciCorridor": null, "isCrossBorder": false, "kind": "transmission", "countries": "IE", "tsos": "", "year": 2033, "source": "sourced:ENTSO-E TYNDP 2026 project collection (tyndp2026.entsoe.eu), accessed 2026-08-21; draft/preliminary portfolio", "voltage_kv": 220.0, "technology": "AC", "route_km": 124.0, "attrs_source": "sourced:ENTSO-E TYNDP 2024 final plan detail (id match)"}, "geometry": {"type": "MultiPolygon", "coordinates": [[[[-8.563843, 51.876491], [-8.448486, 51.978113], [-7.921143, 51.845959], [-7.509155, 51.969654], [-7.371826, 52.224435], [-6.907654, 52.417498], [-6.698914, 52.216021], [-7.075195, 51.822198], [-7.838745, 51.618017], [-8.344116, 51.723626], [-8.563843, 51.876491]]]]}}, {"type": "Feature", "properties": {"id": 1186, "name": "Malta-Italy Cable Interconnector No.3", "commissioningYear": "2032", "statusName": "Under Consideration", "typeOfElement": 5, "pciCorridor": null, "isCrossBorder": true, "kind": "transmission", "countries": "IT;MT", "tsos": "", "year": 2032, "source": "sourced:ENTSO-E TYNDP 2026 project collection (tyndp2026.entsoe.eu), accessed 2026-08-21; draft/preliminary portfolio"}, "geometry": {"type": "LineString", "coordinates": [[14.568901, 35.861092], [14.584522, 35.861509], [14.592676, 35.86457], [14.597998, 35.869856], [14.598427, 35.877576], [14.579201, 35.911716], [14.577656, 35.921864], [14.581604, 36.472098], [14.532166, 36.549362], [14.474487, 36.578041], [14.471054, 36.735583], [14.456635, 36.774092], [14.473114, 36.808185], [14.683914, 37.039284]]}}, {"type": "Feature", "properties": {"id": 1192, "name": "HansaLink - Phase 1", "commissioningYear": "2033", "statusName": "Under Consideration", "typeOfElement": 5, "pciCorridor": null, "isCrossBorder": true, "kind": "transmission", "countries": "DE;GB", "tsos": "", "year": 2033, "source": "sourced:ENTSO-E TYNDP 2026 project collection (tyndp2026.entsoe.eu), accessed 2026-08-21; draft/preliminary portfolio", "voltage_kv": 525.0, "technology": "DC", "route_km": 810.0, "attrs_source": "sourced:ENTSO-E TYNDP 2024 final plan detail (id match)"}, "geometry": {"type": "LineString", "coordinates": [[-2.449742, 56.867773], [-0.90807, 56.84588], [1.034037, 56.482791], [3.837082, 55.155646], [7.023965, 54.506383], [9.007212, 54.037337], [9.038756, 53.926365]]}}, {"type": "Feature", "properties": {"id": 1193, "name": "HansaLink - Phase 2", "commissioningYear": "2035", "statusName": "Under Consideration", "typeOfElement": 5, "pciCorridor": null, "isCrossBorder": true, "kind": "transmission", "countries": "DE;GB", "tsos": "", "year": 2035, "source": "sourced:ENTSO-E TYNDP 2026 project collection (tyndp2026.entsoe.eu), accessed 2026-08-21; draft/preliminary portfolio", "voltage_kv": 525.0, "technology": "DC", "route_km": 100.0, "attrs_source": "sourced:ENTSO-E TYNDP 2024 final plan detail (id match)"}, "geometry": {"type": "MultiPolygon", "coordinates": [[[[-1.369628, 56.589742], [-0.915526, 57.134252], [-0.417479, 57.458741], [1.1792, 57.450861], [2.145997, 57.442979], [2.907716, 57.221591], [1.779786, 56.549391], [0.036622, 56.265728], [-0.300292, 56.15167], [-0.300292, 56.14351], [-0.300292, 56.14351], [-1.369628, 56.589742]]]]}}, {"type": "Feature", "properties": {"id": 1200, "name": "Hybrid interconnector Norway-S\u00f8rvest F Windfarm-Continent (DK, DE, BE or NL)", "commissioningYear": "2035", "statusName": "Under Consideration", "typeOfElement": 5, "pciCorridor": null, "isCrossBorder": true, "kind": "transmission", "countries": "BE;DE;DK;NL;NO", "tsos": "", "year": 2035, "source": "sourced:ENTSO-E TYNDP 2026 project collection (tyndp2026.entsoe.eu), accessed 2026-08-21; draft/preliminary portfolio", "voltage_kv": 525.0, "technology": "DC", "route_km": 1580.0, "attrs_source": "sourced:ENTSO-E TYNDP 2024 final plan detail (id match)"}, "geometry": {"type": "LineString", "coordinates": [[5.031738, 56.326056], [6.306152, 53.157065]]}}, {"type": "Feature", "properties": {"id": 1201, "name": "Reinvestment of Skagerrak 1 and 2", "commissioningYear": "2039", "statusName": "Planned But Not Yet Permitting", "typeOfElement": 5, "pciCorridor": null, "isCrossBorder": true, "kind": "transmission", "countries": "DK;NO", "tsos": "", "year": 2039, "source": "sourced:ENTSO-E TYNDP 2026 project collection (tyndp2026.entsoe.eu), accessed 2026-08-21; draft/preliminary portfolio", "voltage_kv": 525.0, "technology": "DC", "route_km": 249.0, "attrs_source": "sourced:ENTSO-E TYNDP 2024 final plan detail (id match)"}, "geometry": {"type": "LineString", "coordinates": [[7.961426, 58.267139], [9.484863, 56.700484]]}}, {"type": "Feature", "properties": {"id": 1202, "name": "Increased capacity Norway-Finland", "commissioningYear": "2033", "statusName": "Under Consideration", "typeOfElement": 9, "pciCorridor": null, "isCrossBorder": true, "kind": "transmission", "countries": "FI;NO", "tsos": "", "year": 2033, "source": "sourced:ENTSO-E TYNDP 2026 project collection (tyndp2026.entsoe.eu), accessed 2026-08-21; draft/preliminary portfolio", "voltage_kv": 420.0, "technology": "DC", "attrs_source": "sourced:ENTSO-E TYNDP 2024 final plan detail (id match)"}, "geometry": {"type": "LineString", "coordinates": [[27.191162, 70.21746], [27.268066, 70.213742]]}}, {"type": "Feature", "properties": {"id": 1203, "name": "Offshore Wind Connection Bretagne Nord-Ouest", "commissioningYear": "2038", "statusName": "Under Consideration", "typeOfElement": 7, "pciCorridor": null, "isCrossBorder": false, "kind": "transmission", "countries": "FR", "tsos": "", "year": 2038, "source": "sourced:ENTSO-E TYNDP 2026 project collection (tyndp2026.entsoe.eu), accessed 2026-08-21; draft/preliminary portfolio", "voltage_kv": 320.0, "technology": "DC", "attrs_source": "sourced:ENTSO-E TYNDP 2024 final plan detail (id match)"}, "geometry": {"type": "MultiPolygon", "coordinates": [[[[-4.63623, 49.05947], [-4.251709, 49.216027], [-3.691406, 49.337875], [-3.262939, 49.35219], [-3.197021, 49.194494], [-3.306885, 49.029089], [-3.702393, 48.951366], [-3.515625, 48.400032], [-4.086914, 48.268569], [-4.482422, 48.828566], [-4.63623, 49.05947]]]]}}, {"type": "Feature", "properties": {"id": 1207, "name": "380kV Niederstedem-Bertrange/Bofferdange", "commissioningYear": "2037", "statusName": "Planned But Not Yet Permitting", "typeOfElement": 1, "pciCorridor": null, "isCrossBorder": true, "kind": "transmission", "countries": "DE;LU", "tsos": "", "year": 2037, "source": "sourced:ENTSO-E TYNDP 2026 project collection (tyndp2026.entsoe.eu), accessed 2026-08-21; draft/preliminary portfolio", "voltage_kv": 380.0, "technology": "AC", "route_km": 72.4, "attrs_source": "sourced:ENTSO-E TYNDP 2024 final plan detail (id match)"}, "geometry": {"type": "LineString", "coordinates": [[6.533245, 49.964811], [6.258586, 49.992911], [6.018885, 49.628764]]}}, {"type": "Feature", "properties": {"id": 1208, "name": "Medlink", "commissioningYear": "2030", "statusName": "Planned But Not Yet Permitting", "typeOfElement": 5, "pciCorridor": null, "isCrossBorder": true, "kind": "transmission", "countries": "DZ;IT;TN", "tsos": "", "year": 2030, "source": "sourced:ENTSO-E TYNDP 2026 project collection (tyndp2026.entsoe.eu), accessed 2026-08-21; draft/preliminary portfolio", "voltage_kv": 525.0, "technology": "AC;DC", "route_km": 2630.0, "attrs_source": "sourced:ENTSO-E TYNDP 2024 final plan detail (id match)"}, "geometry": {"type": "LineString", "coordinates": [[9.30542, 37.186579], [9.766846, 36.624345], [10.008545, 34.298068], [9.799805, 33.60547], [9.975586, 33.440609]]}}, {"type": "Feature", "properties": {"id": 1209, "name": "Latvia and Lithuania cross-border strengthening project", "commissioningYear": "2035", "statusName": "Planned But Not Yet Permitting", "typeOfElement": 1, "pciCorridor": null, "isCrossBorder": true, "kind": "transmission", "countries": "LT;LV", "tsos": "", "year": 2035, "source": "sourced:ENTSO-E TYNDP 2026 project collection (tyndp2026.entsoe.eu), accessed 2026-08-21; draft/preliminary portfolio", "voltage_kv": 330.0, "technology": "AC", "route_km": 357.0, "attrs_source": "sourced:ENTSO-E TYNDP 2024 final plan detail (id match)"}, "geometry": {"type": "MultiPolygon", "coordinates": [[[[23.073286, 56.944344], [23.073286, 57.020535], [23.185647, 57.020535], [23.185647, 56.944344], [23.073286, 56.944344]]]]}}, {"type": "Feature", "properties": {"id": 1210, "name": "APOLLO-LINK", "commissioningYear": "2032", "statusName": "Under Consideration", "typeOfElement": 2, "pciCorridor": null, "isCrossBorder": true, "kind": "transmission", "countries": "ES;IT", "tsos": "", "year": 2032, "source": "sourced:ENTSO-E TYNDP 2026 project collection (tyndp2026.entsoe.eu), accessed 2026-08-21; draft/preliminary portfolio", "voltage_kv": 525.0, "technology": "DC", "route_km": 700.0, "attrs_source": "sourced:ENTSO-E TYNDP 2024 final plan detail (id match)"}, "geometry": {"type": "LineString", "coordinates": [[9.809876, 44.144375], [6.348267, 42.826833], [3.103409, 42.082494]]}}, {"type": "Feature", "properties": {"id": 1211, "name": "Baltic WindConnector (BWC)", "commissioningYear": "2039", "statusName": "Under Consideration", "typeOfElement": 5, "pciCorridor": null, "isCrossBorder": true, "kind": "transmission", "countries": "DE;EE;LV", "tsos": "", "year": 2039, "source": "sourced:ENTSO-E TYNDP 2026 project collection (tyndp2026.entsoe.eu), accessed 2026-08-21; draft/preliminary portfolio", "voltage_kv": 525.0, "technology": "DC", "route_km": 800.0, "attrs_source": "sourced:ENTSO-E TYNDP 2024 final plan detail (id match)"}, "geometry": {"type": "LineString", "coordinates": [[13.713684, 54.14635], [22.115479, 58.176496]]}}, {"type": "Feature", "properties": {"id": 1213, "name": "Offshore hybrid Interconnector (DE-NL)", "commissioningYear": "2040", "statusName": "Under Consideration", "typeOfElement": 2, "pciCorridor": null, "isCrossBorder": true, "kind": "transmission", "countries": "DE;NL", "tsos": "", "year": 2040, "source": "sourced:ENTSO-E TYNDP 2026 project collection (tyndp2026.entsoe.eu), accessed 2026-08-21; draft/preliminary portfolio", "voltage_kv": 525.0, "technology": "DC", "route_km": 30.0, "attrs_source": "sourced:ENTSO-E TYNDP 2024 final plan detail (id match)"}, "geometry": {"type": "LineString", "coordinates": [[5.472413, 54.381979], [6.077881, 54.851315]]}}, {"type": "Feature", "properties": {"id": 1214, "name": "Hybrid Interconnector Denmark-Germany", "commissioningYear": "2040", "statusName": "Under Consideration", "typeOfElement": 5, "pciCorridor": null, "isCrossBorder": true, "kind": "transmission", "countries": "DE;DK", "tsos": "", "year": 2040, "source": "sourced:ENTSO-E TYNDP 2026 project collection (tyndp2026.entsoe.eu), accessed 2026-08-21; draft/preliminary portfolio", "voltage_kv": 525.0, "route_km": 1000.0, "attrs_source": "sourced:ENTSO-E TYNDP 2024 final plan detail (id match)"}, "geometry": {"type": "MultiPolygon", "coordinates": [[[[9.353029, 55.537827], [6.210939, 56.649055], [6.19629, 56.515943], [9.353029, 55.537827]]]]}}, {"type": "Feature", "properties": {"id": 1215, "name": "Sila Atlantik", "commissioningYear": "2035", "statusName": "Under Consideration", "typeOfElement": 5, "pciCorridor": null, "isCrossBorder": true, "kind": "transmission", "countries": "DE;MA", "tsos": "", "year": 2035, "source": "sourced:ENTSO-E TYNDP 2026 project collection (tyndp2026.entsoe.eu), accessed 2026-08-21; draft/preliminary portfolio", "voltage_kv": 525.0, "technology": "DC", "route_km": 4800.0, "attrs_source": "sourced:ENTSO-E TYNDP 2024 final plan detail (id match)"}, "geometry": {"type": "LineString", "coordinates": [[-11.118164, 28.844674], [-9.975586, 32.509762], [-9.580078, 33.082337], [-8.920898, 33.706063], [-8.217773, 33.961586], [-7.558594, 34.216345], [-7.207031, 34.669359], [-6.745605, 35.155846], [-6.61377, 35.692995], [-6.657715, 36.509636], [-7.119141, 36.70366], [-7.624512, 36.633162], [-8.217773, 36.633162], [-8.942871, 36.668419], [-9.250488, 36.73008], [-9.140625, 36.686041], [-9.250488, 36.686041], [-9.448242, 37.020098], [-9.42627, 37.561997], [-9.689941, 38.23818], [-10.041504, 39.147103], [-9.51416, 40.5472], [-9.821777, 41.689322], [-9.84375, 43.34116], [-9.118652, 43.961191], [-8.547363, 44.197959], [-7.932129, 44.229457], [-5.163574, 44.040219], [-3.88916, 44.040219], [-2.548828, 44.21371], [-2.06543, 44.574817], [-1.845703, 45.120053], [-2.175293, 45.966425], [-2.944336, 46.679594], [-6.020508, 47.754098], [-6.306152, 48.312428], [-6.218262, 48.806863], [-3.098145, 49.75288], [0.0, 50.317408], [1.186523, 50.805935], [1.713867, 51.096623], [2.263184, 51.385495], [3.581543, 52.227799], [4.96582, 53.514185], [5.570068, 53.644638], [6.185303, 53.690201], [6.723633, 53.631611], [7.064209, 53.585984], [7.272949, 53.553363]]}}, {"type": "Feature", "properties": {"id": 1216, "name": "High-Voltage Direct Current Interconnector Project Romania-Hungary", "commissioningYear": "2030", "statusName": "Under Consideration", "typeOfElement": 2, "pciCorridor": null, "isCrossBorder": true, "kind": "transmission", "countries": "HU;RO", "tsos": "", "year": 2030, "source": "sourced:ENTSO-E TYNDP 2026 project collection (tyndp2026.entsoe.eu), accessed 2026-08-21; draft/preliminary portfolio", "voltage_kv": 525.0, "technology": "DC", "route_km": 1998.0, "attrs_source": "sourced:ENTSO-E TYNDP 2024 final plan detail (id match)"}, "geometry": {"type": "LineString", "coordinates": [[21.434326, 46.122749], [21.362915, 45.759859], [22.011108, 45.340563], [23.027344, 45.517895], [23.571167, 44.774036], [24.505005, 44.508259], [25.64209, 44.465151]]}}, {"type": "Feature", "properties": {"id": 1217, "name": "Further Development of Offshore Renewables (MOG 3)", "commissioningYear": "2040", "statusName": "Under Consideration", "typeOfElement": 5, "pciCorridor": null, "isCrossBorder": false, "kind": "transmission", "countries": "BE", "tsos": "", "year": 2040, "source": "sourced:ENTSO-E TYNDP 2026 project collection (tyndp2026.entsoe.eu), accessed 2026-08-21; draft/preliminary portfolio", "voltage_kv": 1050.0, "technology": "DC", "route_km": 310.0, "attrs_source": "sourced:ENTSO-E TYNDP 2024 final plan detail (id match)"}, "geometry": {"type": "MultiPolygon", "coordinates": [[[[2.094727, 51.324605], [2.680664, 51.598401], [3.266601, 51.287974], [3.779298, 51.15035], [4.672851, 51.342909], [5.786133, 51.104384], [5.595703, 50.864622], [5.917969, 50.409393], [4.819336, 50.231687], [3.266601, 50.707185], [2.094727, 51.324605]]]]}}, {"type": "Feature", "properties": {"id": 1218, "name": "Hybrid HVDC Interconnector BE-NL", "commissioningYear": "2038", "statusName": "Under Consideration", "typeOfElement": 2, "pciCorridor": null, "isCrossBorder": true, "kind": "transmission", "countries": "BE;NL", "tsos": "", "year": 2038, "source": "sourced:ENTSO-E TYNDP 2026 project collection (tyndp2026.entsoe.eu), accessed 2026-08-21; draft/preliminary portfolio", "voltage_kv": 1050.0, "technology": "DC", "route_km": 503.0, "attrs_source": "sourced:ENTSO-E TYNDP 2024 final plan detail (id match)"}, "geometry": {"type": "MultiPolygon", "coordinates": [[[[3.354492, 54.51683], [5.112305, 54.593285], [5.90332, 53.943155], [5.610352, 50.713272], [2.739258, 51.193115], [3.354492, 54.51683]]]]}}, {"type": "Feature", "properties": {"id": 1219, "name": "Bofferdange- Bertrange", "commissioningYear": "2035", "statusName": "In Permitting", "typeOfElement": 1, "pciCorridor": null, "isCrossBorder": false, "kind": "transmission", "countries": "DE;LU", "tsos": "", "year": 2035, "source": "sourced:ENTSO-E TYNDP 2026 project collection (tyndp2026.entsoe.eu), accessed 2026-08-21; draft/preliminary portfolio", "voltage_kv": 380.0, "technology": "AC", "route_km": 20.0, "attrs_source": "sourced:ENTSO-E TYNDP 2024 final plan detail (id match)"}, "geometry": {"type": "Point", "coordinates": [6.087067, 49.636257]}}, {"type": "Feature", "properties": {"id": 1220, "name": "Offshore Wind Connection Viana do Castelo", "commissioningYear": "2030-2040", "statusName": "Under Consideration", "typeOfElement": 4, "pciCorridor": null, "isCrossBorder": false, "kind": "transmission", "countries": "PT", "tsos": "", "year": null, "source": "sourced:ENTSO-E TYNDP 2026 project collection (tyndp2026.entsoe.eu), accessed 2026-08-21; draft/preliminary portfolio", "technology": "AC", "attrs_source": "sourced:ENTSO-E TYNDP 2024 final plan detail (id match)"}, "geometry": {"type": "MultiPolygon", "coordinates": [[[[-9.588318, 41.611335], [-8.539124, 41.613389], [-8.55011, 41.397415], [-9.602051, 41.397415], [-9.588318, 41.611335]]]]}}, {"type": "Feature", "properties": {"id": 1221, "name": "Offshore Wind Connection Leix\u00f5es", "commissioningYear": "2030-2040", "statusName": "Under Consideration", "typeOfElement": 5, "pciCorridor": null, "isCrossBorder": false, "kind": "transmission", "countries": "PT", "tsos": "", "year": null, "source": "sourced:ENTSO-E TYNDP 2026 project collection (tyndp2026.entsoe.eu), accessed 2026-08-21; draft/preliminary portfolio", "technology": "AC", "attrs_source": "sourced:ENTSO-E TYNDP 2024 final plan detail (id match)"}, "geometry": {"type": "MultiPolygon", "coordinates": [[[[-8.364716, 41.010993], [-8.367462, 40.874065], [-9.423523, 40.873026], [-9.389191, 41.076246], [-8.364716, 41.010993]]]]}}, {"type": "Feature", "properties": {"id": 1222, "name": "Offshore Wind Connection Figueira da Foz (North)", "commissioningYear": "2030-2040", "statusName": "Under Consideration", "typeOfElement": 4, "pciCorridor": null, "isCrossBorder": false, "kind": "transmission", "countries": "PT", "tsos": "", "year": null, "source": "sourced:ENTSO-E TYNDP 2026 project collection (tyndp2026.entsoe.eu), accessed 2026-08-21; draft/preliminary portfolio", "technology": "AC", "attrs_source": "sourced:ENTSO-E TYNDP 2024 final plan detail (id match)"}, "geometry": {"type": "MultiPolygon", "coordinates": [[[[-10.761108, 40.619751], [-8.596802, 40.276972], [-8.701172, 39.928234], [-10.975342, 40.016638], [-10.761108, 40.619751]]]]}}, {"type": "Feature", "properties": {"id": 1223, "name": "Offshore Wind Connection Figueira da Foz (South)", "commissioningYear": "2030-2040", "statusName": "Under Consideration", "typeOfElement": 4, "pciCorridor": null, "isCrossBorder": false, "kind": "transmission", "countries": "PT", "tsos": "", "year": null, "source": "sourced:ENTSO-E TYNDP 2026 project collection (tyndp2026.entsoe.eu), accessed 2026-08-21; draft/preliminary portfolio", "technology": "AC", "attrs_source": "sourced:ENTSO-E TYNDP 2024 final plan detail (id match)"}, "geometry": {"type": "MultiPolygon", "coordinates": [[[[-10.371094, 40.329796], [-8.464966, 40.124291], [-8.772583, 39.59299], [-10.640259, 39.512517], [-10.371094, 40.329796]]]]}}, {"type": "Feature", "properties": {"id": 1225, "name": "Offshore Wind Connection Sines", "commissioningYear": "2030-2040", "statusName": "Under Consideration", "typeOfElement": 4, "pciCorridor": null, "isCrossBorder": false, "kind": "transmission", "countries": "PT", "tsos": "", "year": null, "source": "sourced:ENTSO-E TYNDP 2026 project collection (tyndp2026.entsoe.eu), accessed 2026-08-21; draft/preliminary portfolio", "technology": "AC", "attrs_source": "sourced:ENTSO-E TYNDP 2024 final plan detail (id match)"}, "geometry": {"type": "MultiPolygon", "coordinates": [[[[-9.18457, 38.151837], [-9.173584, 37.753344], [-8.676453, 37.907367], [-8.698425, 38.084851], [-9.18457, 38.151837]]]]}}, {"type": "Feature", "properties": {"id": 1229, "name": "Rhein-Main-Link", "commissioningYear": "2033 and 2035", "statusName": "In Permitting", "typeOfElement": 2, "pciCorridor": null, "isCrossBorder": false, "kind": "transmission", "countries": "DE", "tsos": "", "year": null, "source": "sourced:ENTSO-E TYNDP 2026 project collection (tyndp2026.entsoe.eu), accessed 2026-08-21; draft/preliminary portfolio", "voltage_kv": 525.0, "technology": "DC", "route_km": 984.0, "attrs_source": "sourced:ENTSO-E TYNDP 2024 final plan detail (id match)"}, "geometry": {"type": "LineString", "coordinates": [[8.349609, 53.237482], [8.481445, 49.80099]]}}, {"type": "Feature", "properties": {"id": 1230, "name": "TuNur Malta", "commissioningYear": "2032", "statusName": "Under Consideration", "typeOfElement": 5, "pciCorridor": null, "isCrossBorder": true, "kind": "transmission", "countries": "MT;TN", "tsos": "", "year": 2032, "source": "sourced:ENTSO-E TYNDP 2026 project collection (tyndp2026.entsoe.eu), accessed 2026-08-21; draft/preliminary portfolio", "voltage_kv": 320.0, "technology": "AC;DC", "route_km": 658.0, "attrs_source": "sourced:ENTSO-E TYNDP 2024 final plan detail (id match)"}, "geometry": {"type": "LineString", "coordinates": [[14.559331, 35.820667], [14.557185, 35.829366]]}}, {"type": "Feature", "properties": {"id": 1231, "name": "Green Aegean Interconnector", "commissioningYear": "2036", "statusName": "Under Consideration", "typeOfElement": 2, "pciCorridor": null, "isCrossBorder": true, "kind": "transmission", "countries": "DE;GR", "tsos": "", "year": 2036, "source": "sourced:ENTSO-E TYNDP 2026 project collection (tyndp2026.entsoe.eu), accessed 2026-08-21; draft/preliminary portfolio", "voltage_kv": 525.0, "technology": "DC", "route_km": 1400.0, "attrs_source": "sourced:ENTSO-E TYNDP 2024 final plan detail (id match)"}, "geometry": {"type": "LineString", "coordinates": [[11.821289, 48.315282], [13.293457, 47.395096], [13.205566, 46.856904], [14.172363, 46.811809], [14.216309, 45.702823], [13.864746, 45.564545], [13.326416, 45.527757], [13.370361, 45.21905], [14.72168, 43.477837], [18.413086, 41.919906], [18.94043, 40.175201], [19.775391, 39.939751], [20.148926, 39.466415], [20.478516, 39.44945]]}}, {"type": "Feature", "properties": {"id": 1233, "name": "Laufenburg - Beznau - Breite", "commissioningYear": "2035", "statusName": "Under Consideration", "typeOfElement": 1, "pciCorridor": null, "isCrossBorder": false, "kind": "transmission", "countries": "CH", "tsos": "", "year": 2035, "source": "sourced:ENTSO-E TYNDP 2026 project collection (tyndp2026.entsoe.eu), accessed 2026-08-21; draft/preliminary portfolio", "voltage_kv": 380.0, "technology": "AC", "route_km": 58.0, "attrs_source": "sourced:ENTSO-E TYNDP 2024 final plan detail (id match)"}, "geometry": {"type": "LineString", "coordinates": [[8.269806, 47.482062], [8.275909, 47.469686], [8.599396, 47.424282], [8.61084, 47.431508]]}}, {"type": "Feature", "properties": {"id": 1234, "name": "220-kV Reitdorf (AT) - Wei\u00dfenbach (AT)", "commissioningYear": "2027", "statusName": "Under Consideration", "typeOfElement": 1, "pciCorridor": null, "isCrossBorder": false, "kind": "transmission", "countries": "AT", "tsos": "", "year": 2027, "source": "sourced:ENTSO-E TYNDP 2026 project collection (tyndp2026.entsoe.eu), accessed 2026-08-21; draft/preliminary portfolio", "voltage_kv": 220.0, "technology": "AC", "route_km": 73.0, "attrs_source": "sourced:ENTSO-E TYNDP 2024 final plan detail (id match)"}, "geometry": {"type": "LineString", "coordinates": [[14.180728, 47.557825], [13.992712, 47.489959], [13.809315, 47.41613], [13.403445, 47.431719], [13.032157, 47.300315]]}}, {"type": "Feature", "properties": {"id": 1235, "name": "Second circuit of the 400 kV OHL Saj\u00f3iv\u00e1nka (HU) \u2013 Rimavsk\u00e1 Sobota (SK)", "commissioningYear": "2030", "statusName": "Under Consideration", "typeOfElement": 1, "pciCorridor": null, "isCrossBorder": true, "kind": "transmission", "countries": "HU;SK", "tsos": "", "year": 2030, "source": "sourced:ENTSO-E TYNDP 2026 project collection (tyndp2026.entsoe.eu), accessed 2026-08-21; draft/preliminary portfolio", "voltage_kv": 400.0, "technology": "AC", "route_km": 51.1, "attrs_source": "sourced:ENTSO-E TYNDP 2024 final plan detail (id match)"}, "geometry": {"type": "LineString", "coordinates": [[20.902738, 48.099761], [19.955916, 48.380467]]}}, {"type": "Feature", "properties": {"id": 1239, "name": "Interconnection Ukraine-Slovak Republic", "commissioningYear": "2032", "statusName": "In Permitting", "typeOfElement": 1, "pciCorridor": null, "isCrossBorder": true, "kind": "transmission", "countries": "SK;UA", "tsos": "", "year": 2032, "source": "sourced:ENTSO-E TYNDP 2026 project collection (tyndp2026.entsoe.eu), accessed 2026-08-21; draft/preliminary portfolio", "voltage_kv": 400.0, "technology": "AC", "route_km": 123.0, "attrs_source": "sourced:ENTSO-E TYNDP 2024 final plan detail (id match)"}, "geometry": {"type": "Point", "coordinates": [21.958923, 48.598011]}}, {"type": "Feature", "properties": {"id": 1240, "name": "Interconnection Ukraine-Romania", "commissioningYear": "2028", "statusName": "Planned But Not Yet Permitting", "typeOfElement": 1, "pciCorridor": null, "isCrossBorder": true, "kind": "transmission", "countries": "RO;UA", "tsos": "", "year": 2028, "source": "sourced:ENTSO-E TYNDP 2026 project collection (tyndp2026.entsoe.eu), accessed 2026-08-21; draft/preliminary portfolio", "voltage_kv": 400.0, "technology": "AC", "route_km": 130.0, "attrs_source": "sourced:ENTSO-E TYNDP 2024 final plan detail (id match)"}, "geometry": {"type": "LineString", "coordinates": [[29.421387, 45.957624], [28.44223, 45.234661]]}}, {"type": "Feature", "properties": {"id": 1241, "name": "Malta Offshore Grid Connection System", "commissioningYear": "2032", "statusName": "Under Consideration", "typeOfElement": 7, "pciCorridor": null, "isCrossBorder": false, "kind": "transmission", "countries": "MT", "tsos": "", "year": 2032, "source": "sourced:ENTSO-E TYNDP 2026 project collection (tyndp2026.entsoe.eu), accessed 2026-08-21; draft/preliminary portfolio"}, "geometry": {"type": "MultiPolygon", "coordinates": [[[[14.549675, 35.800938], [14.551392, 36.164042], [14.988098, 36.171573], [14.999084, 35.378291], [14.549675, 35.800938]]]]}}, {"type": "Feature", "properties": {"id": 1242, "name": "Baltic-German PowerLink", "commissioningYear": "2037", "statusName": "Under Consideration", "typeOfElement": 5, "pciCorridor": null, "isCrossBorder": true, "kind": "transmission", "countries": "DE;LT;LV", "tsos": "", "year": 2037, "source": "sourced:ENTSO-E TYNDP 2026 project collection (tyndp2026.entsoe.eu), accessed 2026-08-21; draft/preliminary portfolio"}, "geometry": {"type": "LineString", "coordinates": [[13.249512, 54.082354], [19.072266, 55.972453], [21.071777, 56.076826], [21.112976, 56.12838], [21.074524, 56.080897], [21.132202, 56.047164]]}}, {"type": "Feature", "properties": {"id": 1243, "name": "Ostwind 4 Plus DK (OW4+DK)", "commissioningYear": "2033", "statusName": "Under Consideration", "typeOfElement": 4, "pciCorridor": null, "isCrossBorder": true, "kind": "transmission", "countries": "DE;DK", "tsos": "", "year": 2033, "source": "sourced:ENTSO-E TYNDP 2026 project collection (tyndp2026.entsoe.eu), accessed 2026-08-21; draft/preliminary portfolio"}, "geometry": {"type": "LineString", "coordinates": [[13.592834, 54.114163], [13.504944, 54.212255], [13.752136, 54.276451], [13.815308, 54.589571], [13.719177, 54.677007], [13.776855, 54.773762], [13.787842, 54.862382]]}}, {"type": "Feature", "properties": {"id": 1244, "name": "Green Energy Corridor - Phase 2", "commissioningYear": "2040", "statusName": "Under Consideration", "typeOfElement": 5, "pciCorridor": null, "isCrossBorder": true, "kind": "transmission", "countries": "AZ;GE;HU;RO", "tsos": "", "year": 2040, "source": "sourced:ENTSO-E TYNDP 2026 project collection (tyndp2026.entsoe.eu), accessed 2026-08-21; draft/preliminary portfolio"}, "geometry": {"type": "LineString", "coordinates": [[42.692871, 42.277309], [49.768066, 40.446947]]}}, {"type": "Feature", "properties": {"id": 1247, "name": "GriffinLink: hybrid interconnector Germany - UK", "commissioningYear": "2040", "statusName": "Under Consideration", "typeOfElement": 5, "pciCorridor": null, "isCrossBorder": true, "kind": "transmission", "countries": "DE;GB", "tsos": "", "year": 2040, "source": "sourced:ENTSO-E TYNDP 2026 project collection (tyndp2026.entsoe.eu), accessed 2026-08-21; draft/preliminary portfolio"}, "geometry": {"type": "MultiPolygon", "coordinates": [[[[4.416504, 55.725873], [4.486817, 55.972569], [4.891114, 56.075715], [5.339355, 55.962731], [5.436036, 55.701117], [5.172364, 55.462662], [4.671388, 55.507483], [2.20166, 54.672561], [2.166504, 54.458544], [1.753418, 54.345991], [1.278809, 54.463652], [1.111817, 54.703043], [1.349121, 54.971308], [1.867676, 55.041873], [2.061036, 54.930929], [4.416504, 55.725873]]]]}}, {"type": "Feature", "properties": {"id": 1248, "name": "Green Energy Corridor - Phase 1", "commissioningYear": "2036", "statusName": "Under Consideration", "typeOfElement": 5, "pciCorridor": null, "isCrossBorder": true, "kind": "transmission", "countries": "AZ;GE;HU;RO", "tsos": "", "year": 2036, "source": "sourced:ENTSO-E TYNDP 2026 project collection (tyndp2026.entsoe.eu), accessed 2026-08-21; draft/preliminary portfolio"}, "geometry": {"type": "LineString", "coordinates": [[42.692871, 42.293564], [49.768066, 40.463666]]}}, {"type": "Feature", "properties": {"id": 1249, "name": "Central Western Italy", "commissioningYear": "2036", "statusName": "Planned But Not Yet Permitting", "typeOfElement": 6, "pciCorridor": null, "isCrossBorder": false, "kind": "transmission", "countries": "IT", "tsos": "", "year": 2036, "source": "sourced:ENTSO-E TYNDP 2026 project collection (tyndp2026.entsoe.eu), accessed 2026-08-21; draft/preliminary portfolio"}, "geometry": {"type": "MultiPolygon", "coordinates": [[[[11.013657, 43.766135], [11.013657, 43.853345], [11.158127, 43.853345], [11.158127, 43.766135], [11.013657, 43.766135]]]]}}, {"type": "Feature", "properties": {"id": 1250, "name": "New 400kV interconnection BA-ME", "commissioningYear": "2032", "statusName": "Planned But Not Yet Permitting", "typeOfElement": 1, "pciCorridor": null, "isCrossBorder": true, "kind": "transmission", "countries": "BA;ME", "tsos": "", "year": 2032, "source": "sourced:ENTSO-E TYNDP 2026 project collection (tyndp2026.entsoe.eu), accessed 2026-08-21; draft/preliminary portfolio"}, "geometry": {"type": "LineString", "coordinates": [[18.4021, 43.804404], [18.363647, 43.74094], [18.744736, 43.296699], [18.796234, 43.255205], [18.82164, 43.234198], [18.83503, 43.222691], [18.839149, 43.219251], [18.841724, 43.217437], [18.844557, 43.215435], [18.850222, 43.211432], [18.865929, 43.207991], [18.876228, 43.206427]]}}, {"type": "Feature", "properties": {"id": 1252, "name": "IberiaLink", "commissioningYear": "2032", "statusName": "Under Consideration", "typeOfElement": 5, "pciCorridor": null, "isCrossBorder": true, "kind": "transmission", "countries": "ES;IT", "tsos": "", "year": 2032, "source": "sourced:ENTSO-E TYNDP 2026 project collection (tyndp2026.entsoe.eu), accessed 2026-08-21; draft/preliminary portfolio"}, "geometry": {"type": "LineString", "coordinates": [[-0.195313, 40.111105], [1.220703, 40.241682], [10.056152, 44.047314]]}}, {"type": "Feature", "properties": {"id": 1253, "name": "GulfLink", "commissioningYear": "2033", "statusName": "Under Consideration", "typeOfElement": 5, "pciCorridor": null, "isCrossBorder": true, "kind": "transmission", "countries": "IT;SA", "tsos": "", "year": 2033, "source": "sourced:ENTSO-E TYNDP 2026 project collection (tyndp2026.entsoe.eu), accessed 2026-08-21; draft/preliminary portfolio"}, "geometry": {"type": "LineString", "coordinates": [[38.002929, 28.841598], [34.829104, 28.584656], [33.315431, 31.125196], [32.827151, 31.833103], [21.938477, 33.436661], [17.934569, 35.051109], [18.764648, 40.822239], [12.418823, 44.454818], [12.241821, 44.437389]]}}, {"type": "Feature", "properties": {"id": 1254, "name": "High-Voltage Direct Current Interconnector Project - Phase 2 (Romania-Serbia)", "commissioningYear": "2039", "statusName": "Under Consideration", "typeOfElement": 2, "pciCorridor": null, "isCrossBorder": true, "kind": "transmission", "countries": "RO;RS", "tsos": "", "year": 2039, "source": "sourced:ENTSO-E TYNDP 2026 project collection (tyndp2026.entsoe.eu), accessed 2026-08-21; draft/preliminary portfolio"}, "geometry": {"type": "LineString", "coordinates": [[21.357422, 46.149394], [21.272278, 45.855586], [21.088257, 45.809658], [21.110229, 45.646688], [20.87677, 45.510197], [20.794373, 45.537137], [20.310974, 45.463983], [19.879761, 45.300007]]}}, {"type": "Feature", "properties": {"id": 1255, "name": "High-Voltage Direct Current Interconnector Project - Phase 1 (Romania-Hungary)", "commissioningYear": "2034", "statusName": "Under Consideration", "typeOfElement": 2, "pciCorridor": null, "isCrossBorder": true, "kind": "transmission", "countries": "HU;RO", "tsos": "", "year": 2034, "source": "sourced:ENTSO-E TYNDP 2026 project collection (tyndp2026.entsoe.eu), accessed 2026-08-21; draft/preliminary portfolio"}, "geometry": {"type": "LineString", "coordinates": [[25.960693, 44.331707], [24.570923, 44.465151], [24.455566, 44.543505], [24.180908, 44.472991], [24.147949, 44.633482], [23.384399, 45.034715], [23.323975, 45.325117], [22.865295, 45.627484], [22.093506, 45.515971], [21.343689, 46.174125], [19.286499, 47.346267]]}}, {"type": "Feature", "properties": {"id": 1256, "name": "Limitations removal on the Italian - Slovenian border", "commissioningYear": "2030", "statusName": "Planned But Not Yet Permitting", "typeOfElement": 1, "pciCorridor": null, "isCrossBorder": true, "kind": "transmission", "countries": "IT;SI", "tsos": "", "year": 2030, "source": "sourced:ENTSO-E TYNDP 2026 project collection (tyndp2026.entsoe.eu), accessed 2026-08-21; draft/preliminary portfolio"}, "geometry": {"type": "MultiPolygon", "coordinates": [[[[13.977905, 45.687955], [13.676056, 45.924982], [13.319824, 45.878728], [13.977905, 45.687955]]]]}}, {"type": "Feature", "properties": {"id": 1257, "name": "Qantara Med", "commissioningYear": "2033", "statusName": "Under Consideration", "typeOfElement": 5, "pciCorridor": null, "isCrossBorder": true, "kind": "transmission", "countries": "FR;MA", "tsos": "", "year": 2033, "source": "sourced:ENTSO-E TYNDP 2026 project collection (tyndp2026.entsoe.eu), accessed 2026-08-21; draft/preliminary portfolio"}, "geometry": {"type": "LineString", "coordinates": [[-2.548828, 35.285985], [-2.535095, 35.4092], [-2.537842, 35.420392], [-2.532349, 35.438296], [-2.537842, 35.445009], [-2.532349, 35.46067], [-2.526855, 35.478565], [-2.526855, 35.496456], [-2.521362, 35.518814], [-2.521362, 35.514343], [-2.521362, 35.523285], [-2.504883, 35.563512], [-2.49115, 35.608185], [-2.469177, 35.692995], [-2.471924, 35.755428], [-2.469864, 35.764901], [-2.468834, 35.765458], [-2.467804, 35.766572], [-2.467461, 35.766851], [-2.469177, 35.773258], [-2.463684, 35.784399], [-2.466431, 35.813359], [-2.458191, 35.831175], [-2.480164, 35.906849], [-2.465057, 35.9391], [-2.447205, 35.966892], [-2.381287, 36.002452], [-2.27417, 36.040216], [-1.724854, 36.261992], [-1.065674, 36.509636], [-0.274658, 37.020098], [1.878662, 38.099983], [2.142334, 38.203655], [2.241211, 38.32442], [2.340088, 38.43638], [2.856445, 38.582526], [3.482666, 38.771216], [4.086914, 39.044786], [4.998779, 39.740986], [5.328369, 40.279526], [5.328369, 41.19519], [5.130615, 42.374778], [4.976807, 43.197167]]}}, {"type": "Feature", "properties": {"id": 1258, "name": "HTLS in Lyonnais", "commissioningYear": "2040", "statusName": "Under Consideration", "typeOfElement": 1, "pciCorridor": null, "isCrossBorder": false, "kind": "transmission", "countries": "FR", "tsos": "", "year": 2040, "source": "sourced:ENTSO-E TYNDP 2026 project collection (tyndp2026.entsoe.eu), accessed 2026-08-21; draft/preliminary portfolio"}, "geometry": {"type": "MultiPolygon", "coordinates": [[[[5.064697, 45.566948], [5.145721, 45.840281], [5.517883, 45.838368], [5.537109, 45.678361], [5.475311, 45.562141], [5.064697, 45.566948]]]]}}, {"type": "Feature", "properties": {"id": 1259, "name": "AC transmission line in Occitania", "commissioningYear": "2040", "statusName": "Under Consideration", "typeOfElement": 1, "pciCorridor": null, "isCrossBorder": false, "kind": "transmission", "countries": "", "tsos": "", "year": 2040, "source": "sourced:ENTSO-E TYNDP 2026 project collection (tyndp2026.entsoe.eu), accessed 2026-08-21; draft/preliminary portfolio"}, "geometry": {"type": "MultiPolygon", "coordinates": [[[[1.625977, 43.655081], [1.680908, 43.28033], [3.109131, 43.039913], [3.197021, 43.3283], [1.625977, 43.655081]]]]}}, {"type": "Feature", "properties": {"id": 1260, "name": "AC transmission line in Grand Est region", "commissioningYear": "2035", "statusName": "Under Consideration", "typeOfElement": 1, "pciCorridor": null, "isCrossBorder": false, "kind": "transmission", "countries": "FR", "tsos": "", "year": 2035, "source": "sourced:ENTSO-E TYNDP 2026 project collection (tyndp2026.entsoe.eu), accessed 2026-08-21; draft/preliminary portfolio"}, "geometry": {"type": "MultiPolygon", "coordinates": [[[[7.229004, 48.395587], [7.316895, 47.860282], [7.734375, 47.978087], [7.646484, 48.468483], [7.229004, 48.395587]]]]}}, {"type": "Feature", "properties": {"id": 1261, "name": "AC transmission line between Bordeaux and Loire Valley", "commissioningYear": "2040", "statusName": "Under Consideration", "typeOfElement": 1, "pciCorridor": null, "isCrossBorder": false, "kind": "transmission", "countries": "FR", "tsos": "", "year": 2040, "source": "sourced:ENTSO-E TYNDP 2026 project collection (tyndp2026.entsoe.eu), accessed 2026-08-21; draft/preliminary portfolio"}, "geometry": {"type": "MultiPolygon", "coordinates": [[[[-1.812744, 47.244862], [-0.626221, 46.137144], [-0.725098, 44.804372], [-0.703125, 44.350491], [0.53833, 44.695139], [0.087891, 46.198013], [-0.812988, 47.259777], [-1.812744, 47.244862]]]]}}, {"type": "Feature", "properties": {"id": 1262, "name": "GB-SEM OHA", "commissioningYear": "2037", "statusName": "Under Consideration", "typeOfElement": 5, "pciCorridor": null, "isCrossBorder": true, "kind": "transmission", "countries": "GB;IE", "tsos": "", "year": 2037, "source": "sourced:ENTSO-E TYNDP 2026 project collection (tyndp2026.entsoe.eu), accessed 2026-08-21; draft/preliminary portfolio"}, "geometry": {"type": "LineString", "coordinates": [[-6.91864, 52.271519], [-6.418762, 51.800123], [-5.668945, 51.107833], [-4.115067, 51.010299]]}}, {"type": "Feature", "properties": {"id": 1264, "name": "Eleclink 2", "commissioningYear": "2036", "statusName": "Under Consideration", "typeOfElement": 5, "pciCorridor": null, "isCrossBorder": true, "kind": "transmission", "countries": "FR;GB", "tsos": "", "year": 2036, "source": "sourced:ENTSO-E TYNDP 2026 project collection (tyndp2026.entsoe.eu), accessed 2026-08-21; draft/preliminary portfolio"}, "geometry": {"type": "LineString", "coordinates": [[1.058197, 51.34167], [0.980835, 51.045218], [1.834412, 50.903116], [2.174683, 50.928128]]}}, {"type": "Feature", "properties": {"id": 1265, "name": "Joint North Sea Energy Hub - Phase 1", "commissioningYear": "2037", "statusName": "Under Consideration", "typeOfElement": 5, "pciCorridor": null, "isCrossBorder": true, "kind": "transmission", "countries": "DE;DK", "tsos": "", "year": 2037, "source": "sourced:ENTSO-E TYNDP 2026 project collection (tyndp2026.entsoe.eu), accessed 2026-08-21; draft/preliminary portfolio"}, "geometry": {"type": "MultiPolygon", "coordinates": [[[[6.932373, 56.133307], [6.998291, 56.249454], [7.12738, 56.412382], [7.261963, 56.604862], [7.03125, 56.677356], [6.383057, 56.863989], [6.350098, 55.782751], [6.616516, 55.932279], [6.707153, 55.637299], [6.83075, 55.125508], [6.92688, 54.627748], [7.893677, 54.226708], [8.841248, 53.886535], [9.126892, 53.943155], [9.162598, 53.87844], [9.429016, 53.87844], [9.541626, 53.952853], [9.613037, 54.062612], [9.547119, 54.202617], [9.453735, 54.266828], [9.30542, 54.286072], [9.09668, 54.265224], [8.962097, 54.202617], [9.052734, 54.052939], [8.822021, 54.03036], [7.355347, 54.581613], [7.116394, 54.686534], [7.086182, 54.843408], [6.954346, 55.354135], [6.745605, 56.004524], [6.852722, 56.068969], [6.932373, 56.133307]]]]}}, {"type": "Feature", "properties": {"id": 1266, "name": "Joint North Sea Energy Hub - Phase 2", "commissioningYear": "2039", "statusName": "Under Consideration", "typeOfElement": 5, "pciCorridor": null, "isCrossBorder": false, "kind": "transmission", "countries": "DK", "tsos": "", "year": 2039, "source": "sourced:ENTSO-E TYNDP 2026 project collection (tyndp2026.entsoe.eu), accessed 2026-08-21; draft/preliminary portfolio"}, "geometry": {"type": "MultiPolygon", "coordinates": [[[[8.953857, 55.541065], [9.140625, 55.651248], [9.275208, 55.620242], [9.371338, 55.592315], [9.357605, 55.368186], [9.118652, 55.335394], [8.931885, 55.372868], [8.912659, 55.427455], [7.185059, 55.458808], [6.668701, 56.004524], [6.668701, 56.007595], [6.355591, 55.893796], [6.37207, 56.895691], [7.207031, 56.606563], [6.817017, 56.096556], [7.294922, 55.564563], [8.953857, 55.541065]]]]}}, {"type": "Feature", "properties": {"id": 1267, "name": "Energy Bridge", "commissioningYear": "2035", "statusName": "Under Consideration", "typeOfElement": 5, "pciCorridor": null, "isCrossBorder": true, "kind": "transmission", "countries": "IT;SA", "tsos": "", "year": 2035, "source": "sourced:ENTSO-E TYNDP 2026 project collection (tyndp2026.entsoe.eu), accessed 2026-08-21; draft/preliminary portfolio"}, "geometry": {"type": "LineString", "coordinates": [[40.268555, 29.967625], [34.702148, 28.895984], [33.815918, 31.112524], [29.763794, 32.023601], [20.390626, 35.125898], [17.519533, 42.639346], [11.718752, 45.58329]]}}, {"type": "Feature", "properties": {"id": 1269, "name": "SwePol Link Replacement", "commissioningYear": "2040", "statusName": "Under Consideration", "typeOfElement": 5, "pciCorridor": null, "isCrossBorder": true, "kind": "transmission", "countries": "PL;SE", "tsos": "", "year": 2040, "source": "sourced:ENTSO-E TYNDP 2026 project collection (tyndp2026.entsoe.eu), accessed 2026-08-21; draft/preliminary portfolio"}, "geometry": {"type": "LineString", "coordinates": [[14.845276, 56.173081], [15.823059, 55.436805], [16.314697, 55.062641], [16.888733, 54.506732]]}}, {"type": "Feature", "properties": {"id": 1271, "name": "Initiative Morocco Energy Europe: IMEE_LINK", "commissioningYear": "2038", "statusName": "Under Consideration", "typeOfElement": 5, "pciCorridor": null, "isCrossBorder": true, "kind": "transmission", "countries": "FR;MA", "tsos": "", "year": 2038, "source": "sourced:ENTSO-E TYNDP 2026 project collection (tyndp2026.entsoe.eu), accessed 2026-08-21; draft/preliminary portfolio"}, "geometry": {"type": "LineString", "coordinates": [[-2.827149, 35.341268], [-2.797852, 35.698942], [-1.274415, 37.439974], [-0.659181, 37.439974], [0.512695, 38.593976], [1.50879, 40.536068], [3.325195, 41.61818], [5.1416, 43.367788]]}}, {"type": "Feature", "properties": {"id": 1274, "name": "Ireland-GB Hybrid Interconnector", "commissioningYear": "2037", "statusName": "Under Consideration", "typeOfElement": 5, "pciCorridor": null, "isCrossBorder": true, "kind": "transmission", "countries": "GB;IE", "tsos": "", "year": 2037, "source": "sourced:ENTSO-E TYNDP 2026 project collection (tyndp2026.entsoe.eu), accessed 2026-08-21; draft/preliminary portfolio"}, "geometry": {"type": "MultiPolygon", "coordinates": [[[[-6.841736, 52.278845], [-6.27182, 51.869469], [-3.820496, 51.71658], [-4.088287, 50.974616], [-4.64447, 50.823045], [-6.532745, 51.46489], [-7.624512, 52.059853], [-6.841736, 52.278845]]]]}}, {"type": "Feature", "properties": {"id": 1275, "name": "Hybrid GB-NL offshore-offshore HVDC interconnector", "commissioningYear": "2040", "statusName": "Under Consideration", "typeOfElement": 5, "pciCorridor": null, "isCrossBorder": true, "kind": "transmission", "countries": "GB;NL", "tsos": "", "year": 2040, "source": "sourced:ENTSO-E TYNDP 2026 project collection (tyndp2026.entsoe.eu), accessed 2026-08-21; draft/preliminary portfolio"}, "geometry": {"type": "MultiPolygon", "coordinates": [[[[5.730469, 54.403585], [3.234375, 53.351863], [0.19336, 54.357516], [0.694336, 55.652798], [5.730469, 54.403585]]]]}}, {"type": "Feature", "properties": {"id": 1276, "name": "Offshore Wind connection Roches Douvres", "commissioningYear": "2040", "statusName": "Under Consideration", "typeOfElement": 7, "pciCorridor": null, "isCrossBorder": false, "kind": "transmission", "countries": "FR", "tsos": "", "year": 2040, "source": "sourced:ENTSO-E TYNDP 2026 project collection (tyndp2026.entsoe.eu), accessed 2026-08-21; draft/preliminary portfolio"}, "geometry": {"type": "LineString", "coordinates": [[-3.581543, 49.35219], [-4.163818, 49.072292], [-3.240967, 48.312428], [-2.208252, 48.122101], [-1.087646, 47.783635], [-0.142822, 48.705463], [-1.252441, 49.260635], [-2.329102, 48.993059], [-3.098145, 49.373655], [-3.592529, 49.35219]]}}, {"type": "Feature", "properties": {"id": 1277, "name": "Offshore Wind connection Golfe de Gascogne Nord", "commissioningYear": "2040", "statusName": "Under Consideration", "typeOfElement": 7, "pciCorridor": null, "isCrossBorder": false, "kind": "transmission", "countries": "FR", "tsos": "", "year": 2040, "source": "sourced:ENTSO-E TYNDP 2026 project collection (tyndp2026.entsoe.eu), accessed 2026-08-21; draft/preliminary portfolio"}, "geometry": {"type": "LineString", "coordinates": [[-3.746338, 46.528635], [-2.93335, 46.55886], [-2.142334, 46.604167], [-1.812744, 47.502359], [-1.219482, 47.598755], [-0.856934, 47.040182], [-0.098877, 45.958788], [0.384521, 44.801327], [0.0, 44.45731], [-0.681152, 44.402392], [-1.098633, 44.933696], [-1.40625, 45.182037], [-1.977539, 45.759859], [-2.625732, 45.859412], [-3.164063, 45.882361], [-3.427734, 45.890008], [-4.064941, 46.384833], [-3.768311, 46.528635]]}}, {"type": "Feature", "properties": {"id": 1278, "name": "Offshore Wind connection Golfe du Lion Est", "commissioningYear": "2040", "statusName": "Under Consideration", "typeOfElement": 7, "pciCorridor": null, "isCrossBorder": false, "kind": "transmission", "countries": "FR", "tsos": "", "year": 2040, "source": "sourced:ENTSO-E TYNDP 2026 project collection (tyndp2026.entsoe.eu), accessed 2026-08-21; draft/preliminary portfolio"}, "geometry": {"type": "LineString", "coordinates": [[5.037231, 43.731414], [5.696411, 43.572432], [5.240479, 43.245203], [5.009766, 42.763146], [4.279175, 42.544987], [3.702393, 42.976521], [4.202271, 43.289202], [4.383545, 43.540585], [4.625244, 43.683764], [5.009766, 43.735383]]}}, {"type": "Feature", "properties": {"id": 1279, "name": "Offshore Wind Connection Bretagne Nord-Est", "commissioningYear": "2040", "statusName": "Under Consideration", "typeOfElement": 7, "pciCorridor": null, "isCrossBorder": false, "kind": "transmission", "countries": "FR", "tsos": "", "year": 2040, "source": "sourced:ENTSO-E TYNDP 2026 project collection (tyndp2026.entsoe.eu), accessed 2026-08-21; draft/preliminary portfolio"}, "geometry": {"type": "LineString", "coordinates": [[-3.691406, 49.310799], [-3.273926, 48.640169], [-1.82373, 47.960502], [-0.406494, 48.158757], [-0.703125, 48.922499], [-0.845947, 49.239121], [-1.625977, 49.253465], [-2.043457, 48.893615], [-2.48291, 48.973006], [-2.900391, 49.4467], [-3.702393, 49.296472]]}}, {"type": "Feature", "properties": {"id": 1280, "name": "BE-LU ARDENNE LINK", "commissioningYear": "2040", "statusName": "Under Consideration", "typeOfElement": 1, "pciCorridor": null, "isCrossBorder": true, "kind": "transmission", "countries": "BE;LU", "tsos": "", "year": 2040, "source": "sourced:ENTSO-E TYNDP 2026 project collection (tyndp2026.entsoe.eu), accessed 2026-08-21; draft/preliminary portfolio"}, "geometry": {"type": "MultiPolygon", "coordinates": [[[[5.567322, 49.692153], [5.567322, 49.948746], [6.184754, 49.948746], [6.184754, 49.692153], [5.567322, 49.692153]]]]}}, {"type": "Feature", "properties": {"id": 1281, "name": "NEW LINK FR-LU", "commissioningYear": "2040", "statusName": "Under Consideration", "typeOfElement": 1, "pciCorridor": null, "isCrossBorder": true, "kind": "transmission", "countries": "FR;LU", "tsos": "", "year": 2040, "source": "sourced:ENTSO-E TYNDP 2026 project collection (tyndp2026.entsoe.eu), accessed 2026-08-21; draft/preliminary portfolio"}, "geometry": {"type": "MultiPolygon", "coordinates": [[[[5.993591, 49.156922], [5.993591, 49.611778], [6.35614, 49.611778], [6.35614, 49.156922], [5.993591, 49.156922]]]]}}, {"type": "Feature", "properties": {"id": 1282, "name": "NEW LINK FR-BE 5", "commissioningYear": "2045", "statusName": "Under Consideration", "typeOfElement": 2, "pciCorridor": null, "isCrossBorder": true, "kind": "transmission", "countries": "BE;FR", "tsos": "", "year": 2045, "source": "sourced:ENTSO-E TYNDP 2026 project collection (tyndp2026.entsoe.eu), accessed 2026-08-21; draft/preliminary portfolio"}, "geometry": {"type": "MultiPolygon", "coordinates": [[[[2.254944, 51.01991], [3.034973, 50.320148], [5.248718, 49.367284], [6.100159, 49.549382], [5.809021, 50.017557], [4.133606, 50.791287], [2.798767, 51.209572], [2.254944, 51.01991]]]]}}, {"type": "Feature", "properties": {"id": 1283, "name": "Interconnector FR-DE", "commissioningYear": "2040", "statusName": "Under Consideration", "typeOfElement": 2, "pciCorridor": null, "isCrossBorder": true, "kind": "transmission", "countries": "DE;FR", "tsos": "", "year": 2040, "source": "sourced:ENTSO-E TYNDP 2026 project collection (tyndp2026.entsoe.eu), accessed 2026-08-21; draft/preliminary portfolio"}, "geometry": {"type": "MultiPolygon", "coordinates": [[[[6.201782, 49.379327], [3.839722, 48.504408], [4.828491, 47.205196], [7.327881, 47.595601], [7.89093, 47.678883], [8.824768, 49.0744], [6.668701, 49.513256], [6.201782, 49.379327]]]]}}, {"type": "Feature", "properties": {"id": 1285, "name": "7 SEAS CONNECT", "commissioningYear": "2035", "statusName": "Under Consideration", "typeOfElement": 2, "pciCorridor": null, "isCrossBorder": true, "kind": "transmission", "countries": "IT;TN", "tsos": "", "year": 2035, "source": "sourced:ENTSO-E TYNDP 2026 project collection (tyndp2026.entsoe.eu), accessed 2026-08-21; draft/preliminary portfolio"}, "geometry": {"type": "LineString", "coordinates": [[10.349121, 36.129002], [12.788086, 37.735969]]}}, {"type": "Feature", "properties": {"id": 1286, "name": "New Interconnection HVAC from Switzerland towards Italy (Piedmont and Lombardy regions)", "commissioningYear": "2040", "statusName": "Under Consideration", "typeOfElement": 1, "pciCorridor": null, "isCrossBorder": true, "kind": "transmission", "countries": "CH;IT", "tsos": "", "year": 2040, "source": "sourced:ENTSO-E TYNDP 2026 project collection (tyndp2026.entsoe.eu), accessed 2026-08-21; draft/preliminary portfolio"}, "geometry": {"type": "MultiPolygon", "coordinates": [[[[-351.577606, 46.480324], [-352.120056, 45.785617], [-351.838531, 45.353005], [-350.849762, 45.439794], [-351.14502, 45.967275], [-351.577606, 46.480324]]]]}}, {"type": "Feature", "properties": {"id": 1287, "name": "380 kV Eichstetten - Chamoson", "commissioningYear": "2040", "statusName": "Under Consideration", "typeOfElement": 1, "pciCorridor": null, "isCrossBorder": true, "kind": "transmission", "countries": "CH;DE", "tsos": "", "year": 2040, "source": "sourced:ENTSO-E TYNDP 2026 project collection (tyndp2026.entsoe.eu), accessed 2026-08-21; draft/preliminary portfolio"}, "geometry": {"type": "LineString", "coordinates": [[7.906799, 47.376913], [7.987366, 47.440525], [7.951965, 47.605391], [8.153381, 47.709813], [8.093567, 47.947473], [7.810364, 48.108297], [7.713928, 48.109927]]}}, {"type": "Feature", "properties": {"id": 1288, "name": "SuedWestLink", "commissioningYear": "2037", "statusName": "Under Consideration", "typeOfElement": 2, "pciCorridor": null, "isCrossBorder": false, "kind": "transmission", "countries": "DE", "tsos": "", "year": 2037, "source": "sourced:ENTSO-E TYNDP 2026 project collection (tyndp2026.entsoe.eu), accessed 2026-08-21; draft/preliminary portfolio"}, "geometry": {"type": "MultiPolygon", "coordinates": [[[[10.441895, 53.637175], [9.605713, 52.67888], [8.64563, 48.419227], [8.981324, 48.38681], [10.274353, 52.970215], [10.61615, 53.443604], [10.441895, 53.637175]]]]}}, {"type": "Feature", "properties": {"id": 1001, "name": "Kaunertal Extension Project", "commissioningYear": "08-2035", "statusName": "In Permitting", "typeOfElement": null, "pciCorridor": 2, "isCrossBorder": null, "kind": "storage", "countries": "AT", "tsos": "", "year": null, "source": "sourced:ENTSO-E TYNDP 2026 project collection (tyndp2026.entsoe.eu), accessed 2026-08-21; draft/preliminary portfolio"}, "geometry": {"type": "Point", "coordinates": [10.649958, 47.039082]}}, {"type": "Feature", "properties": {"id": 1003, "name": "Hydro-pumped storage in Bulgaria - Yadenitsa", "commissioningYear": "2032", "statusName": "In Permitting", "typeOfElement": null, "pciCorridor": 1, "isCrossBorder": null, "kind": "storage", "countries": "BG", "tsos": "", "year": 2032, "source": "sourced:ENTSO-E TYNDP 2026 project collection (tyndp2026.entsoe.eu), accessed 2026-08-21; draft/preliminary portfolio"}, "geometry": {"type": "Point", "coordinates": [23.950745, 42.147114]}}, {"type": "Feature", "properties": {"id": 1004, "name": "Estonian PHES (pumped-hydro energy storage)", "commissioningYear": "2032(6GWh)/2038(15GWh)", "statusName": "In Permitting", "typeOfElement": null, "pciCorridor": 0, "isCrossBorder": null, "kind": "storage", "countries": "EE", "tsos": "", "year": null, "source": "sourced:ENTSO-E TYNDP 2026 project collection (tyndp2026.entsoe.eu), accessed 2026-08-21; draft/preliminary portfolio"}, "geometry": {"type": "Point", "coordinates": [24.039459, 59.356684]}}, {"type": "Feature", "properties": {"id": 1006, "name": "HPS AMFILOCHIA", "commissioningYear": "2029", "statusName": "Under Construction", "typeOfElement": null, "pciCorridor": 1, "isCrossBorder": null, "kind": "storage", "countries": "GR", "tsos": "", "year": 2029, "source": "sourced:ENTSO-E TYNDP 2026 project collection (tyndp2026.entsoe.eu), accessed 2026-08-21; draft/preliminary portfolio"}, "geometry": {"type": "Point", "coordinates": [21.441107, 38.873719]}}, {"type": "Feature", "properties": {"id": 1012, "name": "Purifying -Pumped Hydroelectric Energy Storage Navaleo (P-PHES Navaleo)", "commissioningYear": "06-2029", "statusName": "In Permitting", "typeOfElement": null, "pciCorridor": 2, "isCrossBorder": null, "kind": "storage", "countries": "ES", "tsos": "", "year": null, "source": "sourced:ENTSO-E TYNDP 2026 project collection (tyndp2026.entsoe.eu), accessed 2026-08-21; draft/preliminary portfolio"}, "geometry": {"type": "Point", "coordinates": [-6.00341, 42.456344]}}, {"type": "Feature", "properties": {"id": 1013, "name": "CAES Zuidwending, NL", "commissioningYear": "2031", "statusName": "In Permitting", "typeOfElement": null, "pciCorridor": 3, "isCrossBorder": null, "kind": "storage", "countries": "NL", "tsos": "", "year": 2031, "source": "sourced:ENTSO-E TYNDP 2026 project collection (tyndp2026.entsoe.eu), accessed 2026-08-21; draft/preliminary portfolio"}, "geometry": {"type": "Point", "coordinates": [6.951914, 53.116284]}}, {"type": "Feature", "properties": {"id": 1025, "name": "Silvermines Hydroelectric Power Station", "commissioningYear": "2032", "statusName": "In Permitting", "typeOfElement": null, "pciCorridor": 2, "isCrossBorder": null, "kind": "storage", "countries": "IE", "tsos": "", "year": 2032, "source": "sourced:ENTSO-E TYNDP 2026 project collection (tyndp2026.entsoe.eu), accessed 2026-08-21; draft/preliminary portfolio"}, "geometry": {"type": "LineString", "coordinates": [[-8.260268, 52.792849], [-8.262843, 52.788282], [-8.266104, 52.787866], [-8.268078, 52.778055], [-8.255633, 52.777743], [-8.254775, 52.780651], [-8.251942, 52.780495], [-8.251856, 52.783558], [-8.249024, 52.784077], [-8.248852, 52.790306], [-8.25117, 52.790254], [-8.251942, 52.793161], [-8.260268, 52.792901]]}}, {"type": "Feature", "properties": {"id": 1026, "name": "Hydro pumped storage Riedl", "commissioningYear": "2031", "statusName": "In Permitting", "typeOfElement": null, "pciCorridor": 2, "isCrossBorder": null, "kind": "storage", "countries": "DE", "tsos": "", "year": 2031, "source": "sourced:ENTSO-E TYNDP 2026 project collection (tyndp2026.entsoe.eu), accessed 2026-08-21; draft/preliminary portfolio"}, "geometry": {"type": "Point", "coordinates": [13.719325, 48.527303]}}, {"type": "Feature", "properties": {"id": 1027, "name": "Purifying -Pumped Hydroelectric Energy Storage CUA (P-PHES CUA)", "commissioningYear": "01-2028", "statusName": "In Permitting", "typeOfElement": null, "pciCorridor": 2, "isCrossBorder": null, "kind": "storage", "countries": "ES", "tsos": "", "year": null, "source": "sourced:ENTSO-E TYNDP 2026 project collection (tyndp2026.entsoe.eu), accessed 2026-08-21; draft/preliminary portfolio"}, "geometry": {"type": "Point", "coordinates": [-6.693386, 42.752281]}}, {"type": "Feature", "properties": {"id": 1029, "name": "PSPP Kozjak", "commissioningYear": "2030", "statusName": "In Permitting", "typeOfElement": null, "pciCorridor": null, "isCrossBorder": null, "kind": "storage", "countries": "SI", "tsos": "", "year": 2030, "source": "sourced:ENTSO-E TYNDP 2026 project collection (tyndp2026.entsoe.eu), accessed 2026-08-21; draft/preliminary portfolio"}, "geometry": {"type": "MultiPolygon", "coordinates": [[[[15.452047, 46.584301], [15.451189, 46.581743], [15.446613, 46.581547], [15.446613, 46.585086], [15.694948, 46.603566], [15.693805, 46.603764], [15.454911, 46.58607], [15.452047, 46.584301]]]]}}, {"type": "Feature", "properties": {"id": 1035, "name": "Ptolemaida Battery Energy Storage System", "commissioningYear": "2027", "statusName": "In Permitting", "typeOfElement": null, "pciCorridor": 1, "isCrossBorder": null, "kind": "storage", "countries": "GR", "tsos": "", "year": 2027, "source": "sourced:ENTSO-E TYNDP 2026 project collection (tyndp2026.entsoe.eu), accessed 2026-08-21; draft/preliminary portfolio"}, "geometry": {"type": "Point", "coordinates": [21.687012, 40.685845]}}, {"type": "Feature", "properties": {"id": 1039, "name": "Pumped Storage Hydro Power Plant \"Los Guajares\"", "commissioningYear": "Q4-2031", "statusName": "In Permitting", "typeOfElement": null, "pciCorridor": 2, "isCrossBorder": null, "kind": "storage", "countries": "ES", "tsos": "", "year": null, "source": "sourced:ENTSO-E TYNDP 2026 project collection (tyndp2026.entsoe.eu), accessed 2026-08-21; draft/preliminary portfolio"}, "geometry": {"type": "Point", "coordinates": [-3.491885, 36.86512]}}, {"type": "Feature", "properties": {"id": 1041, "name": "Purifying-Pumped Hydroelectric Energy Storage \"Velilla del R\u00edo Carri\u00f3n\"  (P-PHES VELILLA)", "commissioningYear": "06-2029", "statusName": "In Permitting", "typeOfElement": null, "pciCorridor": 2, "isCrossBorder": null, "kind": "storage", "countries": "ES", "tsos": "", "year": null, "source": "sourced:ENTSO-E TYNDP 2026 project collection (tyndp2026.entsoe.eu), accessed 2026-08-21; draft/preliminary portfolio", "voltage_kv": 525.0, "technology": "DC", "route_km": 954.0, "attrs_source": "sourced:ENTSO-E TYNDP 2024 final plan detail (id match)"}, "geometry": {"type": "Point", "coordinates": [-4.861648, 42.820128]}}, {"type": "Feature", "properties": {"id": 1044, "name": "Green Hydrogen Hub CAES", "commissioningYear": "2031", "statusName": "In Permitting", "typeOfElement": null, "pciCorridor": 2, "isCrossBorder": null, "kind": "storage", "countries": "DK", "tsos": "", "year": 2031, "source": "sourced:ENTSO-E TYNDP 2026 project collection (tyndp2026.entsoe.eu), accessed 2026-08-21; draft/preliminary portfolio"}, "geometry": {"type": "MultiPolygon", "coordinates": [[[[9.265594, 56.742149], [9.265594, 56.752691], [9.284821, 56.752691], [9.284821, 56.742149], [9.265594, 56.742149]]]]}}, {"type": "Feature", "properties": {"id": 1046, "name": "Online Grid Controller \u201cPSKW-Rio\u201d", "commissioningYear": "2032", "statusName": "Under Consideration", "typeOfElement": null, "pciCorridor": 2, "isCrossBorder": null, "kind": "storage", "countries": "DE", "tsos": "", "year": 2032, "source": "sourced:ENTSO-E TYNDP 2026 project collection (tyndp2026.entsoe.eu), accessed 2026-08-21; draft/preliminary portfolio", "voltage_kv": 400.0, "technology": "AC", "route_km": 1270.0, "attrs_source": "sourced:ENTSO-E TYNDP 2024 final plan detail (id match)"}, "geometry": {"type": "Point", "coordinates": [6.803627, 49.821018]}}, {"type": "Feature", "properties": {"id": 1048, "name": "WSK PULS (PHES)", "commissioningYear": "2034", "statusName": "Planned But Not Yet Permitting", "typeOfElement": null, "pciCorridor": null, "isCrossBorder": null, "kind": "storage", "countries": "DE", "tsos": "", "year": 2034, "source": "sourced:ENTSO-E TYNDP 2026 project collection (tyndp2026.entsoe.eu), accessed 2026-08-21; draft/preliminary portfolio"}, "geometry": {"type": "Point", "coordinates": [11.392822, 50.55069]}}, {"type": "Feature", "properties": {"id": 1050, "name": "SE Integrator", "commissioningYear": "2030", "statusName": "Planned But Not Yet Permitting", "typeOfElement": null, "pciCorridor": 1, "isCrossBorder": null, "kind": "storage", "countries": "SK", "tsos": "", "year": 2030, "source": "sourced:ENTSO-E TYNDP 2026 project collection (tyndp2026.entsoe.eu), accessed 2026-08-21; draft/preliminary portfolio", "voltage_kv": 525.0, "technology": "DC", "route_km": 610.0, "attrs_source": "sourced:ENTSO-E TYNDP 2024 final plan detail (id match)"}, "geometry": {"type": "MultiPolygon", "coordinates": [[[[19.90891, 49.006776], [19.90891, 49.011084], [19.913686, 49.011084], [19.913686, 49.006776], [19.90891, 49.006776]]]]}}, {"type": "Feature", "properties": {"id": 1052, "name": "Purifying -Pumped Hydroelectric Energy Storage Buseiro (P-PHES BUSEIRO)", "commissioningYear": "04-2028", "statusName": "In Permitting", "typeOfElement": null, "pciCorridor": null, "isCrossBorder": null, "kind": "storage", "countries": "ES", "tsos": "", "year": null, "source": "sourced:ENTSO-E TYNDP 2026 project collection (tyndp2026.entsoe.eu), accessed 2026-08-21; draft/preliminary portfolio", "voltage_kv": 380.0, "technology": "AC", "route_km": 202.0, "attrs_source": "sourced:ENTSO-E TYNDP 2024 final plan detail (id match)"}, "geometry": {"type": "Point", "coordinates": [-6.322632, 43.292201]}}, {"type": "Feature", "properties": {"id": 1054, "name": "REVERSIBLE HYDRAULIC PUMPED ENERGY STORAGE \"AGUAYO II\"", "commissioningYear": "2030", "statusName": "In Permitting", "typeOfElement": null, "pciCorridor": null, "isCrossBorder": null, "kind": "storage", "countries": "ES", "tsos": "", "year": 2030, "source": "sourced:ENTSO-E TYNDP 2026 project collection (tyndp2026.entsoe.eu), accessed 2026-08-21; draft/preliminary portfolio", "voltage_kv": 220.0, "technology": "AC", "route_km": 104.0, "attrs_source": "sourced:ENTSO-E TYNDP 2024 final plan detail (id match)"}, "geometry": {"type": "Point", "coordinates": [-4.010997, 43.089299]}}, {"type": "Feature", "properties": {"id": 1064, "name": "CHR IRENE", "commissioningYear": "31/12/2035", "statusName": "Planned But Not Yet Permitting", "typeOfElement": null, "pciCorridor": null, "isCrossBorder": null, "kind": "storage", "countries": "ES", "tsos": "", "year": null, "source": "sourced:ENTSO-E TYNDP 2026 project collection (tyndp2026.entsoe.eu), accessed 2026-08-21; draft/preliminary portfolio"}, "geometry": {"type": "Point", "coordinates": [-1.560059, 42.728836]}}, {"type": "Feature", "properties": {"id": 1066, "name": "Kemijoki Pumped Storage Hydropower", "commissioningYear": "2032", "statusName": "Under Consideration", "typeOfElement": null, "pciCorridor": null, "isCrossBorder": null, "kind": "storage", "countries": "FI", "tsos": "", "year": 2032, "source": "sourced:ENTSO-E TYNDP 2026 project collection (tyndp2026.entsoe.eu), accessed 2026-08-21; draft/preliminary portfolio", "voltage_kv": 400.0, "technology": "AC", "route_km": 150.0, "attrs_source": "sourced:ENTSO-E TYNDP 2024 final plan detail (id match)"}, "geometry": {"type": "Point", "coordinates": [27.58667, 66.562014]}}, {"type": "Feature", "properties": {"id": 1067, "name": "PSP CONSO II", "commissioningYear": "2034", "statusName": "In Permitting", "typeOfElement": null, "pciCorridor": null, "isCrossBorder": null, "kind": "storage", "countries": "ES", "tsos": "", "year": 2034, "source": "sourced:ENTSO-E TYNDP 2026 project collection (tyndp2026.entsoe.eu), accessed 2026-08-21; draft/preliminary portfolio", "voltage_kv": 400.0, "technology": "AC", "route_km": 270.0, "attrs_source": "sourced:ENTSO-E TYNDP 2024 final plan detail (id match)"}, "geometry": {"type": "Point", "coordinates": [-7.190809, 42.187773]}}, {"type": "Feature", "properties": {"id": 1068, "name": "Hydro-pumped electricity storage GIRON\u00c9S & RA\u00cfMATS", "commissioningYear": "2036", "statusName": "Under Consideration", "typeOfElement": null, "pciCorridor": null, "isCrossBorder": null, "kind": "storage", "countries": "ES", "tsos": "", "year": 2036, "source": "sourced:ENTSO-E TYNDP 2026 project collection (tyndp2026.entsoe.eu), accessed 2026-08-21; draft/preliminary portfolio"}, "geometry": {"type": "Point", "coordinates": [0.42542, 41.230444]}}, {"type": "Feature", "properties": {"id": 1071, "name": "Villarosa", "commissioningYear": "2031", "statusName": "In Permitting", "typeOfElement": null, "pciCorridor": null, "isCrossBorder": null, "kind": "storage", "countries": "IT", "tsos": "", "year": 2031, "source": "sourced:ENTSO-E TYNDP 2026 project collection (tyndp2026.entsoe.eu), accessed 2026-08-21; draft/preliminary portfolio"}, "geometry": {"type": "Point", "coordinates": [14.217038, 37.60645]}}, {"type": "Feature", "properties": {"id": 1072, "name": "HPS VROCHONERA", "commissioningYear": "2031", "statusName": "Under Consideration", "typeOfElement": null, "pciCorridor": null, "isCrossBorder": null, "kind": "storage", "countries": "GR", "tsos": "", "year": 2031, "source": "sourced:ENTSO-E TYNDP 2026 project collection (tyndp2026.entsoe.eu), accessed 2026-08-21; draft/preliminary portfolio"}, "geometry": {"type": "Point", "coordinates": [22.262179, 40.489244]}}, {"type": "Feature", "properties": {"id": 1073, "name": "Taccu Sa Pruna", "commissioningYear": "2033", "statusName": "In Permitting", "typeOfElement": null, "pciCorridor": null, "isCrossBorder": null, "kind": "storage", "countries": "IT", "tsos": "", "year": 2033, "source": "sourced:ENTSO-E TYNDP 2026 project collection (tyndp2026.entsoe.eu), accessed 2026-08-21; draft/preliminary portfolio"}, "geometry": {"type": "Point", "coordinates": [9.319754, 39.695771]}}, {"type": "Feature", "properties": {"id": 1074, "name": "Construction of pumped-storage hydropower plant \u201cBatak\u201d (PSHPP \u201cBatak\u201d)", "commissioningYear": "2034", "statusName": "Under Consideration", "typeOfElement": null, "pciCorridor": null, "isCrossBorder": null, "kind": "storage", "countries": "BG", "tsos": "", "year": 2034, "source": "sourced:ENTSO-E TYNDP 2026 project collection (tyndp2026.entsoe.eu), accessed 2026-08-21; draft/preliminary portfolio", "voltage_kv": 400.0, "technology": "AC", "route_km": 190.6, "attrs_source": "sourced:ENTSO-E TYNDP 2024 final plan detail (id match)"}, "geometry": {"type": "Point", "coordinates": [-695.933487, 41.840204]}}, {"type": "Feature", "properties": {"id": 1075, "name": "Construction of pumped-storage hydropower plant \u201cDospat\u201d (PSHPP \"Dospat\")", "commissioningYear": "2032", "statusName": "Under Consideration", "typeOfElement": null, "pciCorridor": null, "isCrossBorder": null, "kind": "storage", "countries": "BG", "tsos": "", "year": 2032, "source": "sourced:ENTSO-E TYNDP 2026 project collection (tyndp2026.entsoe.eu), accessed 2026-08-21; draft/preliminary portfolio"}, "geometry": {"type": "Point", "coordinates": [24.134354, 41.73653]}}, {"type": "Feature", "properties": {"id": 1076, "name": "Favazzina", "commissioningYear": "2033", "statusName": "In Permitting", "typeOfElement": null, "pciCorridor": null, "isCrossBorder": null, "kind": "storage", "countries": "IT", "tsos": "", "year": 2033, "source": "sourced:ENTSO-E TYNDP 2026 project collection (tyndp2026.entsoe.eu), accessed 2026-08-21; draft/preliminary portfolio"}, "geometry": {"type": "Point", "coordinates": [15.76787, 38.249176]}}, {"type": "Feature", "properties": {"id": 1077, "name": "Serra Del Corvo", "commissioningYear": "2032", "statusName": "In Permitting", "typeOfElement": null, "pciCorridor": null, "isCrossBorder": null, "kind": "storage", "countries": "IT", "tsos": "", "year": 2032, "source": "sourced:ENTSO-E TYNDP 2026 project collection (tyndp2026.entsoe.eu), accessed 2026-08-21; draft/preliminary portfolio"}, "geometry": {"type": "Point", "coordinates": [16.254702, 40.855444]}}, {"type": "Feature", "properties": {"id": 1081, "name": "CAES Ahaus, Germany", "commissioningYear": "2030", "statusName": "In Permitting", "typeOfElement": null, "pciCorridor": null, "isCrossBorder": null, "kind": "storage", "countries": "DE", "tsos": "", "year": 2030, "source": "sourced:ENTSO-E TYNDP 2026 project collection (tyndp2026.entsoe.eu), accessed 2026-08-21; draft/preliminary portfolio"}, "geometry": {"type": "MultiPolygon", "coordinates": [[[[6.934605, 52.165422], [6.934605, 52.191211], [6.985073, 52.191211], [6.985073, 52.165422], [6.934605, 52.165422]]]]}}, {"type": "Feature", "properties": {"id": 1083, "name": "PSP LA MUELA III", "commissioningYear": "2034", "statusName": "Under Consideration", "typeOfElement": null, "pciCorridor": null, "isCrossBorder": null, "kind": "storage", "countries": "ES", "tsos": "", "year": 2034, "source": "sourced:ENTSO-E TYNDP 2026 project collection (tyndp2026.entsoe.eu), accessed 2026-08-21; draft/preliminary portfolio"}, "geometry": {"type": "Point", "coordinates": [-0.898132, 39.260061]}}, {"type": "Feature", "properties": {"id": 1084, "name": "PSP JOS\u00c9 M\u00aa ORIOL II", "commissioningYear": "2030", "statusName": "In Permitting", "typeOfElement": null, "pciCorridor": null, "isCrossBorder": null, "kind": "storage", "countries": "ES", "tsos": "", "year": 2030, "source": "sourced:ENTSO-E TYNDP 2026 project collection (tyndp2026.entsoe.eu), accessed 2026-08-21; draft/preliminary portfolio"}, "geometry": {"type": "Point", "coordinates": [-6.883707, 39.727401]}}, {"type": "Feature", "properties": {"id": 1085, "name": "PSP MINH\u00c9U", "commissioningYear": "2034", "statusName": "Under Consideration", "typeOfElement": null, "pciCorridor": null, "isCrossBorder": null, "kind": "storage", "countries": "PT", "tsos": "", "year": 2034, "source": "sourced:ENTSO-E TYNDP 2026 project collection (tyndp2026.entsoe.eu), accessed 2026-08-21; draft/preliminary portfolio", "voltage_kv": 220.0, "technology": "AC", "route_km": 122.0, "attrs_source": "sourced:ENTSO-E TYNDP 2024 final plan detail (id match)"}, "geometry": {"type": "Point", "coordinates": [-7.730513, 41.57251]}}, {"type": "Feature", "properties": {"id": 1086, "name": "PS Moglice Extension", "commissioningYear": "2033", "statusName": "In Permitting", "typeOfElement": null, "pciCorridor": null, "isCrossBorder": null, "kind": "storage", "countries": "AL", "tsos": "", "year": 2033, "source": "sourced:ENTSO-E TYNDP 2026 project collection (tyndp2026.entsoe.eu), accessed 2026-08-21; draft/preliminary portfolio", "voltage_kv": 330.0, "technology": "AC", "route_km": 157.0, "attrs_source": "sourced:ENTSO-E TYNDP 2024 final plan detail (id match)"}, "geometry": {"type": "Point", "coordinates": [20.508522, 40.679909]}}, {"type": "Feature", "properties": {"id": 1087, "name": "PUHTI PSH - Pohjolan Voima - Finland", "commissioningYear": "2034", "statusName": "Under Consideration", "typeOfElement": null, "pciCorridor": null, "isCrossBorder": null, "kind": "storage", "countries": "FI", "tsos": "", "year": 2034, "source": "sourced:ENTSO-E TYNDP 2026 project collection (tyndp2026.entsoe.eu), accessed 2026-08-21; draft/preliminary portfolio"}, "geometry": {"type": "Point", "coordinates": [27.674561, 66.509583]}}, {"type": "Feature", "properties": {"id": 1089, "name": "Lekstj\u00e4rnen Hydro Pumped Storage Project", "commissioningYear": "2033", "statusName": "Under Consideration", "typeOfElement": null, "pciCorridor": null, "isCrossBorder": null, "kind": "storage", "countries": "SE", "tsos": "", "year": 2033, "source": "sourced:ENTSO-E TYNDP 2026 project collection (tyndp2026.entsoe.eu), accessed 2026-08-21; draft/preliminary portfolio"}, "geometry": {"type": "Point", "coordinates": [13.757944, 61.381434]}}, {"type": "Feature", "properties": {"id": 1090, "name": "Bastv\u00e5len Hydro Pumped Storage Project", "commissioningYear": "2033", "statusName": "Under Consideration", "typeOfElement": null, "pciCorridor": null, "isCrossBorder": null, "kind": "storage", "countries": "SE", "tsos": "", "year": 2033, "source": "sourced:ENTSO-E TYNDP 2026 project collection (tyndp2026.entsoe.eu), accessed 2026-08-21; draft/preliminary portfolio"}, "geometry": {"type": "Point", "coordinates": [12.934799, 60.273384]}}, {"type": "Feature", "properties": {"id": 1091, "name": "H\u00f6ljessj\u00f6n Hydro Pumped Storage Project", "commissioningYear": "2033", "statusName": "Under Consideration", "typeOfElement": null, "pciCorridor": null, "isCrossBorder": null, "kind": "storage", "countries": "SE", "tsos": "", "year": 2033, "source": "sourced:ENTSO-E TYNDP 2026 project collection (tyndp2026.entsoe.eu), accessed 2026-08-21; draft/preliminary portfolio"}, "geometry": {"type": "Point", "coordinates": [12.537003, 60.982508]}}, {"type": "Feature", "properties": {"id": 1092, "name": "Green Turtle", "commissioningYear": "2029", "statusName": "Under Construction", "typeOfElement": null, "pciCorridor": null, "isCrossBorder": null, "kind": "storage", "countries": "BE", "tsos": "", "year": 2029, "source": "sourced:ENTSO-E TYNDP 2026 project collection (tyndp2026.entsoe.eu), accessed 2026-08-21; draft/preliminary portfolio", "voltage_kv": 1050.0, "technology": "DC", "route_km": 988.0, "attrs_source": "sourced:ENTSO-E TYNDP 2024 final plan detail (id match)"}, "geometry": {"type": "Point", "coordinates": [5.69521, 51.049497]}}, {"type": "Feature", "properties": {"id": 1093, "name": "PHES La Baells", "commissioningYear": "2030", "statusName": "In Permitting", "typeOfElement": null, "pciCorridor": null, "isCrossBorder": null, "kind": "storage", "countries": "ES", "tsos": "", "year": 2030, "source": "sourced:ENTSO-E TYNDP 2026 project collection (tyndp2026.entsoe.eu), accessed 2026-08-21; draft/preliminary portfolio"}, "geometry": {"type": "Point", "coordinates": [1.883091, 42.129586]}}, {"type": "Feature", "properties": {"id": 1095, "name": "PHES Estepa", "commissioningYear": "2030", "statusName": "In Permitting", "typeOfElement": null, "pciCorridor": null, "isCrossBorder": null, "kind": "storage", "countries": "ES", "tsos": "", "year": 2030, "source": "sourced:ENTSO-E TYNDP 2026 project collection (tyndp2026.entsoe.eu), accessed 2026-08-21; draft/preliminary portfolio", "voltage_kv": 400.0, "technology": "AC", "route_km": 250.0, "attrs_source": "sourced:ENTSO-E TYNDP 2024 final plan detail (id match)"}, "geometry": {"type": "Point", "coordinates": [-5.099304, 37.514083]}}, {"type": "Feature", "properties": {"id": 1096, "name": "PHES Tambre", "commissioningYear": "2030", "statusName": "In Permitting", "typeOfElement": null, "pciCorridor": null, "isCrossBorder": null, "kind": "storage", "countries": "ES", "tsos": "", "year": 2030, "source": "sourced:ENTSO-E TYNDP 2026 project collection (tyndp2026.entsoe.eu), accessed 2026-08-21; draft/preliminary portfolio", "voltage_kv": 380.0, "technology": "AC", "route_km": 3.0, "attrs_source": "sourced:ENTSO-E TYNDP 2024 final plan detail (id match)"}, "geometry": {"type": "Point", "coordinates": [-8.787809, 42.852347]}}, {"type": "Feature", "properties": {"id": 1097, "name": "PHES Puertollano", "commissioningYear": "2030", "statusName": "In Permitting", "typeOfElement": null, "pciCorridor": null, "isCrossBorder": null, "kind": "storage", "countries": "ES", "tsos": "", "year": 2030, "source": "sourced:ENTSO-E TYNDP 2026 project collection (tyndp2026.entsoe.eu), accessed 2026-08-21; draft/preliminary portfolio", "voltage_kv": 525.0, "technology": "DC", "route_km": 160.0, "attrs_source": "sourced:ENTSO-E TYNDP 2024 final plan detail (id match)"}, "geometry": {"type": "Point", "coordinates": [-4.085609, 38.623898]}}, {"type": "Feature", "properties": {"id": 1098, "name": "Syderiai Compressed Air Energy Storage System", "commissioningYear": "2035", "statusName": "Under Consideration", "typeOfElement": null, "pciCorridor": null, "isCrossBorder": null, "kind": "storage", "countries": "LT", "tsos": "", "year": 2035, "source": "sourced:ENTSO-E TYNDP 2026 project collection (tyndp2026.entsoe.eu), accessed 2026-08-21; draft/preliminary portfolio", "voltage_kv": 330.0, "technology": "AC", "attrs_source": "sourced:ENTSO-E TYNDP 2024 final plan detail (id match)"}, "geometry": {"type": "MultiPolygon", "coordinates": [[[[22.40387, 55.902717], [22.40387, 56.039511], [22.538452, 56.039511], [22.538452, 55.902717], [22.40387, 55.902717]]]]}}, {"type": "Feature", "properties": {"id": 1099, "name": "HEP3", "commissioningYear": "2032", "statusName": "Under Consideration", "typeOfElement": null, "pciCorridor": null, "isCrossBorder": null, "kind": "storage", "countries": "PL", "tsos": "", "year": 2032, "source": "sourced:ENTSO-E TYNDP 2026 project collection (tyndp2026.entsoe.eu), accessed 2026-08-21; draft/preliminary portfolio"}, "geometry": {"type": "Point", "coordinates": [18.694611, 49.90649]}}, {"type": "Feature", "properties": {"id": 1100, "name": "Pescopagano", "commissioningYear": "2031", "statusName": "In Permitting", "typeOfElement": null, "pciCorridor": null, "isCrossBorder": null, "kind": "storage", "countries": "IT", "tsos": "", "year": 2031, "source": "sourced:ENTSO-E TYNDP 2026 project collection (tyndp2026.entsoe.eu), accessed 2026-08-21; draft/preliminary portfolio", "voltage_kv": 400.0, "technology": "AC", "route_km": 81.5, "attrs_source": "sourced:ENTSO-E TYNDP 2024 final plan detail (id match)"}, "geometry": {"type": "Point", "coordinates": [15.424376, 40.821745]}}, {"type": "Feature", "properties": {"id": 1101, "name": "Construction of pumped-storage hydropower plant \u201cDospat with a new reservoir\u201d (PSHPP \"Dospat with a new reservoir\")", "commissioningYear": "2032", "statusName": "Under Consideration", "typeOfElement": null, "pciCorridor": null, "isCrossBorder": null, "kind": "storage", "countries": "BG", "tsos": "", "year": 2032, "source": "sourced:ENTSO-E TYNDP 2026 project collection (tyndp2026.entsoe.eu), accessed 2026-08-21; draft/preliminary portfolio"}, "geometry": {"type": "Point", "coordinates": [24.073448, 41.681682]}}, {"type": "Feature", "properties": {"id": 1102, "name": "Construction of pumped-storage hydropower plant \u201cRavnogor\u201d (PSHPP \u201cRavnogor\")", "commissioningYear": "2034", "statusName": "Under Consideration", "typeOfElement": null, "pciCorridor": null, "isCrossBorder": null, "kind": "storage", "countries": "BG", "tsos": "", "year": 2034, "source": "sourced:ENTSO-E TYNDP 2026 project collection (tyndp2026.entsoe.eu), accessed 2026-08-21; draft/preliminary portfolio", "voltage_kv": 220.0, "technology": "AC", "route_km": 1.0, "attrs_source": "sourced:ENTSO-E TYNDP 2024 final plan detail (id match)"}, "geometry": {"type": "Point", "coordinates": [24.386713, 41.947809]}}, {"type": "Feature", "properties": {"id": 1103, "name": "Higher Ground NI", "commissioningYear": "2036", "statusName": "Under Consideration", "typeOfElement": null, "pciCorridor": null, "isCrossBorder": null, "kind": "storage", "countries": "GB", "tsos": "", "year": 2036, "source": "sourced:ENTSO-E TYNDP 2026 project collection (tyndp2026.entsoe.eu), accessed 2026-08-21; draft/preliminary portfolio", "voltage_kv": 380.0, "technology": "AC", "route_km": 1.0, "attrs_source": "sourced:ENTSO-E TYNDP 2024 final plan detail (id match)"}, "geometry": {"type": "Point", "coordinates": [-5.770869, 54.724649]}}, {"type": "Feature", "properties": {"id": 1105, "name": "Upgrade of pumped-storage hydropower plant \"Dospat with a new reservoir\" (PSHPP \"Dospat with a new reservoir - Upgrade\")", "commissioningYear": "2036", "statusName": "Under Consideration", "typeOfElement": null, "pciCorridor": null, "isCrossBorder": null, "kind": "storage", "countries": "BG", "tsos": "", "year": 2036, "source": "sourced:ENTSO-E TYNDP 2026 project collection (tyndp2026.entsoe.eu), accessed 2026-08-21; draft/preliminary portfolio", "voltage_kv": 500.0, "technology": "DC", "route_km": 1155.0, "attrs_source": "sourced:ENTSO-E TYNDP 2024 final plan detail (id match)"}, "geometry": {"type": "Point", "coordinates": [24.079422, 41.686489]}}, {"type": "Feature", "properties": {"id": 1106, "name": "Construction of pumped-storage hydropower plant \"Chaira II\" (PSHPP \"Chaira II\")", "commissioningYear": "2036", "statusName": "Under Consideration", "typeOfElement": null, "pciCorridor": null, "isCrossBorder": null, "kind": "storage", "countries": "BG", "tsos": "", "year": 2036, "source": "sourced:ENTSO-E TYNDP 2026 project collection (tyndp2026.entsoe.eu), accessed 2026-08-21; draft/preliminary portfolio", "voltage_kv": 525.0, "technology": "DC", "route_km": 422.0, "attrs_source": "sourced:ENTSO-E TYNDP 2024 final plan detail (id match)"}, "geometry": {"type": "Point", "coordinates": [23.862099, 42.154496]}}, {"type": "Feature", "properties": {"id": 1107, "name": "Callan West Hub - Shannon Estuary Inter-seasonal Electricity Storage (Green Ammonia) Facility", "commissioningYear": "2044", "statusName": "Under Consideration", "typeOfElement": null, "pciCorridor": null, "isCrossBorder": null, "kind": "storage", "countries": "IE", "tsos": "", "year": 2044, "source": "sourced:ENTSO-E TYNDP 2026 project collection (tyndp2026.entsoe.eu), accessed 2026-08-21; draft/preliminary portfolio"}, "geometry": {"type": "Point", "coordinates": [-9.410477, 52.633206]}}, {"type": "Feature", "properties": {"id": 1108, "name": "Callan South Hub \u2013 Cork Harbour Inter-seasonal Energy Storage (Green Hydrogen) Facility", "commissioningYear": "2042", "statusName": "Under Consideration", "typeOfElement": null, "pciCorridor": null, "isCrossBorder": null, "kind": "storage", "countries": "IE", "tsos": "", "year": 2042, "source": "sourced:ENTSO-E TYNDP 2026 project collection (tyndp2026.entsoe.eu), accessed 2026-08-21; draft/preliminary portfolio"}, "geometry": {"type": "Point", "coordinates": [-8.223782, 51.823932]}}, {"type": "Feature", "properties": {"id": 1109, "name": "Callan West Hub \u2013 Shannon Estuary Long-Duration Electricity Storage Facility", "commissioningYear": "2040", "statusName": "Under Consideration", "typeOfElement": null, "pciCorridor": null, "isCrossBorder": null, "kind": "storage", "countries": "IE", "tsos": "", "year": 2040, "source": "sourced:ENTSO-E TYNDP 2026 project collection (tyndp2026.entsoe.eu), accessed 2026-08-21; draft/preliminary portfolio", "voltage_kv": 400.0, "technology": "AC", "route_km": 158.0, "attrs_source": "sourced:ENTSO-E TYNDP 2024 final plan detail (id match)"}, "geometry": {"type": "Point", "coordinates": [-9.401207, 52.625216]}}, {"type": "Feature", "properties": {"id": 1110, "name": "Callan South Hub \u2013 Cork Harbour Long-Duration Electricity Storage Facility", "commissioningYear": "2038", "statusName": "Under Consideration", "typeOfElement": null, "pciCorridor": null, "isCrossBorder": null, "kind": "storage", "countries": "IE", "tsos": "", "year": 2038, "source": "sourced:ENTSO-E TYNDP 2026 project collection (tyndp2026.entsoe.eu), accessed 2026-08-21; draft/preliminary portfolio", "voltage_kv": 400.0, "technology": "AC", "route_km": 9.0, "attrs_source": "sourced:ENTSO-E TYNDP 2024 final plan detail (id match)"}, "geometry": {"type": "Point", "coordinates": [-8.230648, 51.824144]}}, {"type": "Feature", "properties": {"id": 1111, "name": "Callan East Hub \u2013 East Leinster Long-Duration Electricity Storage Facility", "commissioningYear": "2036", "statusName": "Under Consideration", "typeOfElement": null, "pciCorridor": null, "isCrossBorder": null, "kind": "storage", "countries": "IE", "tsos": "", "year": 2036, "source": "sourced:ENTSO-E TYNDP 2026 project collection (tyndp2026.entsoe.eu), accessed 2026-08-21; draft/preliminary portfolio"}, "geometry": {"type": "Point", "coordinates": [-6.286926, 53.658221]}}, {"type": "Feature", "properties": {"id": 1112, "name": "Callan North Hub \u2013 Lough Foyle Long-Duration Electricity Storage Facility", "commissioningYear": "2036", "statusName": "Under Consideration", "typeOfElement": null, "pciCorridor": null, "isCrossBorder": null, "kind": "storage", "countries": "IE", "tsos": "", "year": 2036, "source": "sourced:ENTSO-E TYNDP 2026 project collection (tyndp2026.entsoe.eu), accessed 2026-08-21; draft/preliminary portfolio", "voltage_kv": 400.0, "technology": "DC", "route_km": 275.0, "attrs_source": "sourced:ENTSO-E TYNDP 2024 final plan detail (id match)"}, "geometry": {"type": "Point", "coordinates": [-7.220421, 55.035567]}}, {"type": "Feature", "properties": {"id": 1114, "name": "CHR GRANDAS DE SALIME", "commissioningYear": "2035", "statusName": "Under Consideration", "typeOfElement": null, "pciCorridor": null, "isCrossBorder": null, "kind": "storage", "countries": "ES", "tsos": "", "year": 2035, "source": "sourced:ENTSO-E TYNDP 2026 project collection (tyndp2026.entsoe.eu), accessed 2026-08-21; draft/preliminary portfolio"}, "geometry": {"type": "Point", "coordinates": [-6.853065, 43.238538]}}, {"type": "Feature", "properties": {"id": 1115, "name": "CHR LA BARCA", "commissioningYear": "2036", "statusName": "Under Consideration", "typeOfElement": null, "pciCorridor": null, "isCrossBorder": null, "kind": "storage", "countries": "ES", "tsos": "", "year": 2036, "source": "sourced:ENTSO-E TYNDP 2026 project collection (tyndp2026.entsoe.eu), accessed 2026-08-21; draft/preliminary portfolio"}, "geometry": {"type": "Point", "coordinates": [-6.307526, 43.322004]}}, {"type": "Feature", "properties": {"id": 1116, "name": "CHR BALLESTA", "commissioningYear": "2036", "statusName": "Under Consideration", "typeOfElement": null, "pciCorridor": null, "isCrossBorder": null, "kind": "storage", "countries": "ES", "tsos": "", "year": 2036, "source": "sourced:ENTSO-E TYNDP 2026 project collection (tyndp2026.entsoe.eu), accessed 2026-08-21; draft/preliminary portfolio"}, "geometry": {"type": "Point", "coordinates": [-4.953489, 38.163508]}}, {"type": "Feature", "properties": {"id": 1117, "name": "CHR AS PONTES", "commissioningYear": "2036", "statusName": "Under Consideration", "typeOfElement": null, "pciCorridor": null, "isCrossBorder": null, "kind": "storage", "countries": "ES", "tsos": "", "year": 2036, "source": "sourced:ENTSO-E TYNDP 2026 project collection (tyndp2026.entsoe.eu), accessed 2026-08-21; draft/preliminary portfolio"}, "geometry": {"type": "Point", "coordinates": [-7.962513, 43.422776]}}, {"type": "Feature", "properties": {"id": 1118, "name": "CHR ATAZAR", "commissioningYear": "2036", "statusName": "Under Consideration", "typeOfElement": null, "pciCorridor": null, "isCrossBorder": null, "kind": "storage", "countries": "ES", "tsos": "", "year": 2036, "source": "sourced:ENTSO-E TYNDP 2026 project collection (tyndp2026.entsoe.eu), accessed 2026-08-21; draft/preliminary portfolio"}, "geometry": {"type": "Point", "coordinates": [-3.51429, 40.899656]}}, {"type": "Feature", "properties": {"id": 1119, "name": "CHR ENTREPE\u00d1AS", "commissioningYear": "2036", "statusName": "Under Consideration", "typeOfElement": null, "pciCorridor": null, "isCrossBorder": null, "kind": "storage", "countries": "ES", "tsos": "", "year": 2036, "source": "sourced:ENTSO-E TYNDP 2026 project collection (tyndp2026.entsoe.eu), accessed 2026-08-21; draft/preliminary portfolio"}, "geometry": {"type": "Point", "coordinates": [-2.723923, 40.608495]}}, {"type": "Feature", "properties": {"id": 1120, "name": "CHR LAVERNE", "commissioningYear": "2036", "statusName": "Under Consideration", "typeOfElement": null, "pciCorridor": null, "isCrossBorder": null, "kind": "storage", "countries": "ES", "tsos": "", "year": 2036, "source": "sourced:ENTSO-E TYNDP 2026 project collection (tyndp2026.entsoe.eu), accessed 2026-08-21; draft/preliminary portfolio"}, "geometry": {"type": "Point", "coordinates": [-364.216537, 38.647375]}}, {"type": "Feature", "properties": {"id": 1121, "name": "PSHPP Cebren", "commissioningYear": "2035", "statusName": "Under Consideration", "typeOfElement": null, "pciCorridor": null, "isCrossBorder": null, "kind": "storage", "countries": "MK", "tsos": "", "year": 2035, "source": "sourced:ENTSO-E TYNDP 2026 project collection (tyndp2026.entsoe.eu), accessed 2026-08-21; draft/preliminary portfolio", "voltage_kv": 220.0, "technology": "AC", "route_km": 71.0, "attrs_source": "sourced:ENTSO-E TYNDP 2024 final plan detail (id match)"}, "geometry": {"type": "Point", "coordinates": [21.7771, 41.176173]}}, {"type": "Feature", "properties": {"id": 1122, "name": "CAES Epe", "commissioningYear": "2035", "statusName": "Under Consideration", "typeOfElement": null, "pciCorridor": null, "isCrossBorder": null, "kind": "storage", "countries": "DE", "tsos": "", "year": 2035, "source": "sourced:ENTSO-E TYNDP 2026 project collection (tyndp2026.entsoe.eu), accessed 2026-08-21; draft/preliminary portfolio", "voltage_kv": 320.0, "technology": "DC", "route_km": 100.0, "attrs_source": "sourced:ENTSO-E TYNDP 2024 final plan detail (id match)"}, "geometry": {"type": "Point", "coordinates": [7.002361, 52.162643]}}, {"type": "Feature", "properties": {"id": 1127, "name": "GARO\u00d1A", "commissioningYear": "2035", "statusName": "Under Consideration", "typeOfElement": null, "pciCorridor": null, "isCrossBorder": null, "kind": "storage", "countries": "ES", "tsos": "", "year": 2035, "source": "sourced:ENTSO-E TYNDP 2026 project collection (tyndp2026.entsoe.eu), accessed 2026-08-21; draft/preliminary portfolio", "voltage_kv": 320.0, "technology": "DC", "route_km": 140.0, "attrs_source": "sourced:ENTSO-E TYNDP 2024 final plan detail (id match)"}, "geometry": {"type": "MultiPolygon", "coordinates": [[[[-3.572445, 42.85129], [-3.57732, 42.846961], [-3.569767, 42.843487], [-3.565441, 42.848874], [-3.572445, 42.85129]]]]}}, {"type": "Feature", "properties": {"id": 1128, "name": "LA ROBLA", "commissioningYear": "2035", "statusName": "Under Consideration", "typeOfElement": null, "pciCorridor": null, "isCrossBorder": null, "kind": "storage", "countries": "ES", "tsos": "", "year": 2035, "source": "sourced:ENTSO-E TYNDP 2026 project collection (tyndp2026.entsoe.eu), accessed 2026-08-21; draft/preliminary portfolio"}, "geometry": {"type": "MultiPolygon", "coordinates": [[[[-5.415333, 42.894705], [-5.393909, 42.895711], [-5.388691, 42.886052], [-5.405582, 42.88082], [-5.419865, 42.886958], [-5.415333, 42.894705]]]]}}]}